n_seed,strategy,precision@k,recall@k,hit_rate@k,ndcg@k,coverage,diversity
0,Random Baseline,0.0124,0.062,0.062,0.03586,1.0,0.807
0,Popularity Fallback,0.0392,0.196,0.196,0.12109,0.05,1.0
0,Seed-Based Cosine,0.0392,0.196,0.196,0.12109,0.05,1.0
1,Random Baseline,0.0124,0.062,0.062,0.03586,1.0,0.807
1,Popularity Fallback,0.0392,0.196,0.196,0.12109,0.05,1.0
1,Seed-Based Cosine,0.034,0.17,0.17,0.1065,0.45,0.8426
2,Random Baseline,0.0124,0.062,0.062,0.03586,1.0,0.807
2,Popularity Fallback,0.0392,0.196,0.196,0.12109,0.05,1.0
2,Seed-Based Cosine,0.0352,0.176,0.176,0.11809,0.89,0.7374
3,Random Baseline,0.0124,0.062,0.062,0.03586,1.0,0.807
3,Popularity Fallback,0.0392,0.196,0.196,0.12109,0.05,1.0
3,Seed-Based Cosine,0.0384,0.192,0.192,0.13417,0.96,0.7046
