user_id,movie_id,rating
1003,15,5
1003,18,5
1003,92,2
1004,5,1
1004,14,5
1004,66,4
1004,67,4
1013,1,3
1013,17,5
1013,27,5
1013,34,5
1017,8,1
1017,26,5
1017,37,4
1017,42,4
1017,61,5
1026,5,5
1026,6,5
1026,8,4
1026,9,4
1026,17,4
1026,25,4
1026,28,3
1026,45,5
1026,63,2
1029,15,4
1029,34,3
1029,85,4
1045,4,3
1045,15,5
1045,85,4
1053,3,1
1053,10,5
1053,11,5
1053,13,1
1053,17,5
1053,33,5
1053,34,4
1053,42,4
1053,74,5
1053,90,5
1058,1,5
1058,2,2
1058,5,2
1058,15,4
1058,20,4
1058,29,5
1058,32,5
1058,59,5
1058,64,4
1058,79,2
1064,10,5
1064,27,5
1064,68,4
1064,95,2
1076,2,2
1076,6,5
1076,21,4
1076,88,5
1076,96,5
1079,10,2
1079,14,3
1079,15,5
1079,18,5
1079,20,5
1079,53,4
1079,65,4
1094,4,4
1094,31,3
1094,33,5
1094,36,4
1094,50,5
1120,10,5
1120,11,4
1120,17,5
1120,26,1
1120,27,5
1120,50,1
1120,56,4
1120,57,5
1120,66,1
1120,74,5
1159,46,5
1159,61,1
1159,78,5
1172,1,2
1172,2,1
1172,4,5
1172,26,5
1172,36,5
1172,50,4
1172,65,1
1172,67,4
1172,82,5
1193,2,5
1193,3,5
1193,39,1
1193,47,5
1193,52,5
1200,10,5
1200,11,4
1200,26,2
1203,4,5
1203,5,1
1203,43,5
1204,1,4
1204,12,2
1204,15,4
1204,18,5
1204,20,5
1204,24,2
1204,32,5
1204,40,4
1204,69,3
1204,73,5
1217,1,5
1217,4,2
1217,10,5
1217,15,5
1217,17,5
1217,18,4
1217,29,5
1217,33,2
1217,34,5
1217,63,3
1226,4,5
1226,7,4
1226,14,4
1226,15,3
1226,26,5
1244,1,4
1244,4,1
1244,11,4
1244,12,1
1244,15,5
1244,23,5
1244,30,4
1244,65,4
1244,85,5
1257,4,5
1257,26,5
1257,33,4
1257,35,5
1257,56,2
1260,4,3
1260,5,4
1260,6,4
1260,16,5
1260,19,2
1260,25,5
1260,44,5
1260,48,5
1262,4,2
1262,10,5
1262,11,4
1262,14,1
1262,45,4
1262,84,4
1295,4,5
1295,5,1
1295,9,1
1295,15,5
1295,18,5
1295,23,5
1295,33,4
1295,38,5
1295,43,4
1295,73,5
1313,1,2
1313,10,4
1313,11,5
1313,74,5
1313,75,5
1317,10,5
1317,11,5
1317,85,2
1325,4,4
1325,7,2
1325,13,1
1325,26,5
1325,33,5
1325,76,5
1326,2,2
1326,5,5
1326,8,4
1326,12,5
1326,26,2
1326,31,5
1326,62,5
1326,74,4
1326,85,2
1326,94,5
1342,12,1
1342,36,5
1342,79,5
1342,82,5
1355,6,5
1355,8,4
1355,12,5
1355,22,1
1361,1,4
1361,11,2
1361,15,4
1361,20,5
1361,23,5
1361,24,1
1361,29,5
1361,38,5
1361,65,5
1361,85,5
1363,4,4
1363,10,1
1363,26,5
1363,33,5
1363,81,5
1363,85,5
1375,7,2
1375,10,1
1375,23,5
1375,25,4
1375,48,4
1375,65,5
1375,69,5
1378,4,5
1378,33,5
1378,39,2
1378,53,1
1378,61,4
1378,87,4
1378,90,4
1385,5,5
1385,8,5
1385,19,3
1385,33,2
1385,37,5
1385,42,5
1410,3,3
1410,10,4
1410,11,4
1410,33,4
1410,36,5
1410,53,2
1410,58,4
1414,1,2
1414,2,1
1414,4,4
1414,6,5
1414,26,5
1414,33,5
1414,36,4
1414,40,2
1414,67,5
1416,3,5
1416,11,4
1416,17,5
1416,19,5
1416,22,5
1416,36,2
1416,45,5
1416,67,3
1443,10,5
1443,11,5
1443,15,1
1443,35,4
1443,50,4
1458,1,3
1458,5,3
1458,10,5
1458,11,4
1458,17,4
1458,34,4
1458,58,5
1465,5,5
1465,6,4
1465,7,5
1465,13,4
1465,14,5
1465,34,1
1465,37,1
1468,27,1
1468,55,4
1468,63,4
1474,4,1
1474,6,4
1474,9,5
1474,17,5
1474,30,4
1479,2,4
1479,3,5
1479,7,4
1479,8,2
1479,19,5
1479,34,3
1479,41,5
1480,2,1
1480,40,4
1480,64,5
1482,10,5
1482,13,3
1482,34,4
1482,49,5
1482,80,5
1496,2,4
1496,3,5
1496,4,5
1496,10,1
1496,26,4
1496,33,4
1496,43,4
1496,59,1
1496,66,5
1499,5,5
1499,50,5
1499,51,5
1499,60,1
1520,15,5
1520,18,5
1520,33,1
1520,59,5
1524,14,5
1524,19,4
1524,41,5
1524,48,3
1542,1,4
1542,11,1
1542,15,5
1542,23,4
1542,37,3
1542,64,4
1552,11,4
1552,17,5
1552,34,4
1552,48,1
1556,4,1
1556,6,4
1556,12,4
1556,16,5
1556,24,1
1556,39,5
1561,2,5
1561,10,5
1561,11,4
1561,15,1
1561,55,4
1561,57,5
1561,58,5
1561,65,2
1561,75,5
1561,79,2
1563,1,5
1563,6,2
1563,9,1
1563,15,5
1563,18,5
1563,20,4
1563,53,4
1563,64,5
1566,5,4
1566,7,2
1566,12,4
1568,2,5
1568,11,1
1568,14,4
1568,19,5
1569,2,5
1569,3,4
1569,7,4
1569,12,1
1569,26,3
1569,27,5
1569,74,4
1569,91,5
1573,18,5
1573,23,4
1573,26,5
1573,30,2
1573,32,5
1573,59,5
1573,73,4
1573,75,1
1580,2,5
1580,6,2
1580,8,1
1580,11,5
1580,28,5
1580,45,4
1581,2,5
1581,7,4
1581,14,5
1581,20,1
1581,24,5
1581,43,2
1581,47,4
1581,55,5
1584,2,1
1584,10,5
1584,11,5
1584,26,2
1584,34,5
1584,37,5
1584,56,5
1584,74,4
1594,3,5
1594,7,5
1594,14,5
1594,44,1
1594,100,5
1596,2,5
1596,10,3
1596,14,4
1596,70,4
1600,4,4
1600,9,1
1600,10,2
1600,35,4
1600,36,5
1600,51,5
1600,67,4
1600,87,5
1616,1,1
1616,2,5
1616,3,5
1616,14,5
1616,19,5
1616,22,5
1616,24,5
1616,37,2
1616,63,5
1616,100,5
1617,5,3
1617,10,4
1617,11,4
1617,17,5
1617,34,5
1617,58,5
1617,76,5
1645,10,4
1645,15,1
1645,18,2
1645,35,5
1645,66,5
1645,84,4
1653,1,5
1653,20,4
1653,44,1
1653,59,5
1653,80,5
1656,11,5
1656,13,3
1656,17,4
1656,37,4
1656,45,5
1671,2,2
1671,10,5
1671,31,5
1671,42,4
1671,84,4
1694,5,5
1694,9,4
1694,11,1
1694,16,5
1694,25,4
1694,69,4
1694,94,2
1701,1,5
1701,2,1
1701,6,1
1701,15,4
1701,20,5
1701,23,5
1701,60,5
1701,80,5
1712,1,5
1712,7,2
1712,11,2
1712,15,5
1712,20,4
1712,26,4
1712,36,5
1712,82,4
1744,2,5
1744,5,4
1744,7,5
1744,12,5
1744,13,5
1744,17,2
1744,21,5
1744,27,2
1744,28,4
1744,52,5
1756,2,5
1756,14,5
1756,15,3
1756,52,5
1756,76,2
1756,91,4
1759,4,5
1759,5,4
1759,9,5
1759,26,4
1759,35,4
1759,53,2
1759,97,5
1764,3,5
1764,5,1
1764,33,5
1764,44,3
1764,47,4
1764,50,5
1764,97,5
1765,1,5
1765,4,1
1765,10,4
1765,11,4
1765,14,1
1765,15,5
1765,16,1
1765,18,5
1765,65,5
1767,3,4
1767,5,1
1767,14,5
1767,19,5
1767,22,4
1767,26,1
1767,28,5
1767,46,5
1767,78,5
1767,89,5
1772,1,5
1772,2,2
1772,11,2
1772,26,5
1772,35,5
1772,36,5
1772,61,5
1772,65,5
1792,10,4
1792,11,4
1792,22,1
1792,34,5
1792,37,5
1792,53,3
1792,74,5
1792,84,4
1794,11,5
1794,17,5
1794,18,2
1794,19,5
1794,63,4
1794,99,2
1802,1,5
1802,13,4
1802,95,2
1806,11,5
1806,20,5
1806,26,2
1806,27,5
1806,65,4
1819,1,4
1819,2,2
1819,3,3
1819,4,2
1819,11,5
1819,30,5
1819,34,5
1819,53,4
1819,84,4
1827,4,2
1827,15,4
1827,23,5
1827,29,4
1837,2,5
1837,3,5
1837,5,1
1837,7,5
1837,30,1
1837,41,5
1837,78,4
1839,1,5
1839,5,2
1839,29,5
1839,40,5
1842,5,5
1842,8,5
1842,9,5
1842,89,3
1848,1,4
1848,2,2
1848,5,5
1848,6,5
1848,10,3
1848,18,4
1848,38,5
1848,62,5
1871,1,5
1871,15,5
1871,18,4
1871,40,5
1871,42,1
1871,60,4
1871,79,2
1871,83,4
1871,85,5
1873,1,1
1873,2,5
1873,5,4
1873,9,5
1873,13,5
1873,36,1
1873,39,4
1873,95,5
1873,100,4
1876,1,5
1876,5,2
1876,10,1
1876,23,5
1876,26,5
1876,61,5
1876,66,5
1885,6,2
1885,11,4
1885,15,4
1885,23,4
1885,38,5
1885,57,5
1885,61,2
1885,75,5
1888,1,5
1888,6,1
1888,18,5
1888,20,5
1888,29,5
1888,38,4
1888,52,1
1888,53,5
1888,56,1
1895,2,5
1895,3,4
1895,10,4
1895,18,2
1895,22,4
1895,95,5
1898,5,5
1898,8,5
1898,9,5
1898,11,3
1898,12,4
1898,96,5
1912,15,2
1912,27,3
1912,33,5
1912,35,5
1912,43,5
1912,60,2
1912,66,4
1912,76,4
1912,87,5
1912,99,5
1913,1,3
1913,50,4
1913,76,5
1916,10,5
1916,11,5
1916,15,2
1916,17,4
1916,27,5
1916,31,4
1916,45,5
1916,57,5
1916,75,4
1916,79,3
1938,5,2
1938,89,4
1938,95,5
1944,3,2
1944,10,5
1944,11,5
1944,17,5
1944,26,2
1944,27,4
1944,31,4
1944,74,5
1944,94,5
1945,1,4
1945,3,3
1945,15,5
1945,18,4
1945,20,5
1945,59,5
1945,73,4
1947,2,4
1947,4,3
1947,9,3
1947,18,5
1947,19,5
1947,20,4
1947,29,5
1947,32,5
1947,71,1
1947,89,5
1982,2,2
1982,4,5
1982,10,5
1982,26,5
1982,35,4
1982,36,5
1982,49,3
1982,51,4
1982,68,5
1982,86,5
1991,4,4
1991,26,4
1991,29,3
1991,35,5
1991,87,5
2020,10,5
2020,11,4
2020,17,4
2020,27,5
2020,34,5
2020,35,1
2020,42,4
2020,50,2
2020,57,5
2020,68,4
2022,5,5
2022,6,5
2022,13,5
2022,17,2
2022,20,5
2022,26,2
2022,64,5
2022,69,4
2022,93,4
2030,4,5
2030,36,5
2030,50,4
2030,74,2
2042,3,5
2042,16,2
2042,22,5
2044,11,3
2044,26,5
2044,30,1
2044,33,4
2044,35,5
2044,51,5
2044,61,5
2044,66,5
2044,99,5
2051,2,5
2051,3,5
2051,5,1
2051,8,1
2051,22,4
2051,47,5
2071,8,3
2071,11,2
2071,18,5
2071,29,4
2071,32,4
2071,35,4
2071,66,4
2071,99,4
2072,1,5
2072,4,1
2072,10,5
2072,30,5
2083,6,4
2083,9,4
2083,12,5
2083,16,5
2083,21,5
2083,30,1
2083,82,1
2085,2,4
2085,3,4
2085,6,1
2085,14,5
2085,89,5
2100,1,1
2100,4,5
2100,8,1
2100,10,5
2100,27,5
2100,35,4
2100,42,5
2100,99,4
2133,2,2
2133,10,5
2133,11,5
2133,17,5
2133,27,5
2133,30,5
2133,37,4
2133,48,1
2133,56,5
2133,75,5
2143,2,3
2143,4,5
2143,26,5
2143,33,4
2143,49,2
2143,51,5
2143,79,4
2143,97,5
2148,1,5
2148,6,1
2148,10,5
2148,15,4
2148,42,5
2170,1,5
2170,15,5
2170,26,1
2207,3,4
2207,5,3
2207,7,5
2207,8,1
2207,15,5
2207,78,5
2208,1,4
2208,4,2
2208,5,2
2208,15,4
2208,17,1
2208,20,5
2208,32,5
2208,40,5
2208,64,5
2213,1,4
2213,4,2
2213,6,1
2213,17,5
2213,20,5
2213,23,4
2213,32,4
2221,1,5
2221,2,1
2221,5,5
2221,9,5
2221,11,2
2221,16,5
2221,39,4
2252,1,4
2252,11,2
2252,18,5
2252,38,5
2252,49,5
2252,53,4
2252,60,5
2252,64,4
2252,91,3
2266,4,5
2266,8,1
2266,19,1
2266,33,5
2266,35,5
2266,43,4
2266,61,5
2266,76,5
2266,90,4
2266,97,5
2268,2,5
2268,11,2
2268,14,4
2268,22,4
2268,28,5
2268,33,2
2268,54,4
2268,100,5
2273,3,1
2273,10,4
2273,11,5
2273,13,2
2273,17,4
2273,30,5
2273,37,5
2289,4,5
2289,5,4
2289,34,1
2289,86,5
2292,4,5
2292,5,1
2292,7,5
2292,10,2
2292,14,5
2292,19,5
2292,35,4
2292,47,5
2292,78,5
2295,5,5
2295,6,4
2295,13,5
2295,25,5
2295,37,1
2304,1,5
2304,5,3
2304,9,2
2304,11,5
2304,17,5
2304,30,4
2304,32,5
2307,2,5
2307,3,4
2307,7,4
2307,14,5
2307,19,4
2307,44,3
2307,46,4
2307,52,4
2307,62,1
2307,78,4
2310,10,5
2310,15,5
2310,18,5
2310,26,2
2310,29,4
2310,35,1
2310,38,5
2310,80,4
2323,1,5
2323,2,1
2323,18,5
2323,29,5
2323,60,4
2323,80,4
2331,3,3
2331,7,1
2331,10,5
2331,17,5
2331,30,5
2331,32,4
2331,49,5
2332,11,4
2332,31,5
2332,37,5
2332,51,5
2332,83,1
2338,2,4
2338,16,5
2338,23,3
2338,39,4
2338,41,5
2338,54,5
2338,55,5
2338,81,3
2348,3,2
2348,8,5
2348,10,4
2348,12,5
2348,69,5
2352,4,5
2352,6,1
2352,8,1
2352,17,4
2352,37,5
2352,40,2
2352,50,5
2352,61,5
2352,92,5
2362,3,4
2362,5,5
2362,6,4
2362,16,4
2362,24,5
2362,26,2
2362,36,1
2362,43,1
2362,77,5
2362,89,5
2390,6,1
2390,18,5
2390,65,5
2401,4,4
2401,26,5
2401,31,2
2401,33,5
2401,43,5
2425,2,5
2425,4,5
2425,11,2
2425,55,5
2425,63,5
2425,64,1
2425,66,5
2440,3,1
2440,32,5
2440,39,5
2440,59,5
2450,5,5
2450,6,5
2450,26,1
2462,4,5
2462,26,4
2462,35,4
2462,71,2
2462,97,4
2463,2,5
2463,4,2
2463,5,2
2463,7,4
2463,22,5
2463,54,5
2469,1,4
2469,2,2
2469,6,1
2469,9,2
2469,15,4
2469,18,4
2469,20,4
2469,23,5
2469,32,4
2469,60,5
2503,3,1
2503,4,5
2503,15,5
2503,17,3
2503,18,5
2503,33,4
2503,60,5
2503,63,2
2503,64,5
2522,4,2
2522,11,5
2522,42,5
2555,1,2
2555,4,4
2555,5,3
2555,35,5
2555,67,5
2555,76,5
2555,87,4
2557,5,5
2557,7,1
2557,48,5
2558,5,5
2558,6,5
2558,9,4
2558,13,5
2558,15,2
2558,21,4
2558,27,1
2558,39,5
2559,4,5
2559,8,2
2559,10,2
2559,22,5
2559,36,4
2559,47,4
2559,78,5
2569,5,5
2569,6,4
2569,8,5
2569,18,2
2571,6,2
2571,10,5
2571,17,4
2571,68,5
2575,4,5
2575,7,1
2575,10,1
2575,26,5
2575,33,4
2575,50,5
2575,66,5
2575,86,4
2582,4,4
2582,16,2
2582,23,5
2582,26,4
2582,33,5
2582,51,4
2582,55,1
2582,67,5
2582,79,5
2582,99,4
2592,1,5
2592,29,4
2592,67,1
2592,93,5
2614,5,1
2614,10,5
2614,17,4
2614,56,5
2614,84,5
2628,2,2
2628,5,4
2628,9,5
2628,21,4
2628,36,2
2628,39,5
2628,70,5
2629,2,5
2629,3,4
2629,6,3
2629,7,5
2629,13,2
2629,14,5
2629,24,5
2629,46,5
2629,61,2
2629,91,4
2631,1,5
2631,2,5
2631,4,1
2631,16,1
2631,20,4
2631,29,5
2634,4,2
2634,5,5
2634,10,5
2634,47,3
2634,58,4
2634,68,4
2634,98,5
2647,4,1
2647,11,5
2647,16,2
2647,27,4
2647,31,5
2647,37,5
2647,40,2
2647,56,5
2647,75,4
2647,84,5
2667,10,5
2667,15,5
2667,38,5
2667,80,4
2667,100,2
2673,5,2
2673,7,4
2673,99,5
2716,10,5
2716,11,4
2716,14,3
2716,37,5
2716,42,4
2716,81,2
2716,98,5
2720,4,4
2720,50,4
2720,51,5
2720,92,2
2721,5,2
2721,10,4
2721,11,5
2721,17,5
2721,30,5
2721,31,5
2721,34,5
2721,52,2
2721,84,4
2725,14,2
2725,26,4
2725,36,5
2725,66,4
2728,2,2
2728,10,5
2728,11,4
2728,27,5
2728,31,5
2728,34,5
2735,8,2
2735,15,5
2735,18,5
2735,23,5
2735,36,1
2735,49,4
2741,4,5
2741,5,1
2741,35,5
2741,36,5
2741,43,5
2741,81,5
2741,83,1
2741,86,5
2746,4,4
2746,26,4
2746,31,1
2746,86,5
2750,10,4
2750,11,5
2750,18,2
2750,31,5
2751,10,5
2751,11,5
2751,17,4
2751,22,3
2751,27,5
2751,34,5
2751,68,5
2751,85,1
2755,5,5
2755,8,4
2755,9,5
2755,12,4
2755,13,5
2755,23,1
2755,44,5
2755,51,1
2755,62,5
2763,1,1
2763,10,4
2763,11,5
2763,15,2
2763,34,5
2763,56,5
2763,57,5
2763,68,5
2783,1,1
2783,5,4
2783,6,4
2783,8,4
2783,9,5
2783,12,5
2783,13,4
2783,25,5
2783,65,1
2783,72,4
2791,4,5
2791,5,5
2791,6,4
2791,11,2
2791,12,5
2791,17,1
2791,26,5
2791,33,5
2791,35,5
2791,67,5
2792,1,1
2792,5,4
2792,6,4
2792,9,5
2792,12,4
2792,22,2
2792,25,4
2792,51,3
2792,62,5
2792,88,4
2796,1,1
2796,2,5
2796,3,5
2796,5,2
2796,7,5
2796,10,5
2796,27,4
2796,31,5
2799,1,5
2799,4,4
2799,14,1
2799,15,5
2804,4,1
2804,9,4
2804,12,4
2804,44,5
2805,6,5
2805,8,5
2805,14,2
2805,33,4
2805,35,4
2805,36,5
2805,46,1
2805,50,5
2805,67,4
2822,2,5
2822,4,4
2822,5,2
2822,7,5
2822,33,4
2822,63,5
2822,88,3
2826,8,2
2826,10,5
2826,11,4
2826,43,5
2826,79,5
2828,5,1
2828,6,3
2828,10,5
2828,11,4
2828,18,5
2828,31,4
2828,73,5
2828,80,5
2828,84,4
2840,4,5
2840,14,1
2840,36,5
2840,59,4
2864,7,1
2864,9,5
2864,10,2
2864,16,4
2864,48,4
2864,70,4
2866,4,1
2866,5,4
2866,6,5
2866,20,5
2866,32,5
2875,10,4
2875,37,5
2875,48,2
2876,4,5
2876,9,2
2876,17,4
2876,22,1
2876,26,4
2876,33,4
2876,37,5
2876,57,5
2876,66,5
2885,1,5
2885,3,1
2885,4,5
2885,26,5
2885,72,1
2885,79,4
2905,1,4
2905,2,2
2905,5,3
2905,9,3
2905,10,4
2905,15,5
2905,23,5
2905,27,4
2905,38,5
2905,56,5
2907,10,4
2907,12,1
2907,17,4
2907,98,5
2924,1,5
2924,15,4
2924,18,5
2924,27,3
2924,49,4
2924,85,4
2924,93,5
2926,1,5
2926,15,5
2926,36,5
2926,39,2
2926,53,4
2926,58,2
2926,65,4
2936,6,4
2936,9,4
2936,11,3
2936,21,5
2936,62,5
2936,70,4
2936,73,3
2936,88,4
2939,1,4
2939,7,4
2939,31,2
2949,4,5
2949,14,1
2949,26,4
2949,27,5
2955,5,4
2955,6,5
2955,8,5
2955,37,1
2961,2,4
2961,4,2
2961,5,5
2961,9,5
2961,14,5
2961,20,2
2961,46,5
2961,54,5
2961,96,5
2973,1,5
2973,4,5
2973,6,2
2973,12,3
2973,15,4
2973,26,5
2973,33,4
2973,73,5
2990,5,3
2990,15,5
2990,29,5
2998,1,5
2998,4,5
2998,9,3
2998,13,3
2998,18,5
2998,26,4
2998,50,5
2998,76,5
2998,80,4
2998,83,5
3001,3,1
3001,5,5
3001,12,5
3005,2,4
3005,15,4
3005,19,5
3005,20,4
3005,31,1
3005,33,3
3005,39,1
3005,59,4
3005,65,4
3006,10,4
3006,14,1
3006,17,5
3016,2,1
3016,6,4
3016,13,5
3016,71,5
3016,72,4
3016,75,5
3020,1,4
3020,4,1
3020,14,1
3020,15,4
3020,18,5
3020,23,5
3020,32,4
3020,53,5
3030,17,3
3030,23,5
3030,65,4
3032,4,5
3032,35,5
3032,57,1
3032,79,4
3032,90,5
3036,6,2
3036,17,4
3036,32,4
3036,40,4
3044,5,5
3044,8,5
3044,9,5
3044,32,1
3044,69,5
3046,7,5
3046,10,2
3046,14,5
3046,19,5
3046,22,4
3046,24,4
3046,63,5
3046,89,5
3046,99,2
3057,2,5
3057,5,5
3057,7,5
3057,14,5
3057,27,2
3059,1,4
3059,2,2
3059,4,2
3059,15,4
3059,40,5
3059,53,5
3059,65,5
3086,4,5
3086,7,1
3086,10,5
3086,11,5
3086,17,5
3086,30,5
3086,33,4
3086,40,3
3086,50,5
3086,53,2
3136,4,5
3136,24,3
3136,33,5
3136,43,4
3136,67,5
3136,99,4
3139,6,2
3139,10,5
3139,26,5
3139,33,4
3139,79,4
3145,3,1
3145,5,5
3145,16,4
3145,17,5
3145,22,2
3145,34,5
3145,36,3
3145,42,5
3145,72,5
3145,77,5
3152,2,4
3152,6,1
3152,40,5
3152,93,5
3157,7,1
3157,56,4
3157,83,4
3162,5,4
3162,8,4
3162,25,5
3162,33,3
3162,39,5
3162,47,5
3162,91,5
3166,5,1
3166,26,5
3166,87,4
3169,1,4
3169,4,4
3169,10,1
3169,18,5
3169,23,5
3169,72,2
3171,5,2
3171,10,4
3171,27,5
3171,30,5
3171,34,5
3171,45,4
3171,74,5
3171,87,1
3172,1,3
3172,5,4
3172,21,5
3172,62,4
3172,69,5
3174,3,2
3174,4,5
3174,11,3
3174,26,5
3174,33,5
3174,35,4
3174,36,5
3174,79,5
3174,97,5
3175,1,2
3175,5,5
3175,71,5
3185,5,4
3185,17,5
3185,23,1
3187,7,5
3187,12,1
3187,46,5
3193,1,5
3193,10,1
3193,18,4
3193,38,4
3193,49,5
3193,60,5
3193,64,5
3193,79,1
3193,80,5
3211,4,4
3211,10,2
3211,15,4
3211,16,2
3211,26,5
3211,58,1
3211,61,4
3211,66,4
3211,81,5
3231,4,5
3231,17,1
3231,18,1
3231,31,1
3231,33,5
3231,36,4
3231,67,4
3231,76,4
3231,82,4
3253,2,1
3253,10,2
3253,15,5
3253,23,5
3253,40,5
3253,49,5
3253,59,5
3253,65,5
3253,73,5
3253,89,2
3266,1,5
3266,2,2
3266,18,5
3266,38,4
3266,65,4
3266,97,1
3276,5,4
3276,33,4
3276,44,5
3276,50,5
3276,76,5
3276,91,1
3276,96,5
3277,15,5
3277,18,5
3277,32,4
3277,35,3
3278,1,5
3278,5,1
3278,11,5
3278,15,4
3278,29,5
3278,35,1
3278,40,5
3278,45,4
3278,58,5
3278,68,4
3281,2,5
3281,3,4
3281,7,5
3281,8,5
3281,13,5
3281,23,2
3281,34,2
3281,77,5
3281,100,4
3282,3,5
3282,28,5
3282,30,2
3282,41,5
3286,1,5
3286,2,5
3286,7,5
3286,15,5
3286,17,1
3286,37,1
3308,10,5
3308,11,4
3308,22,2
3308,31,5
3308,43,4
3308,44,3
3308,66,4
3324,4,4
3324,41,3
3324,66,5
3324,81,4
3334,1,5
3334,26,2
3334,38,4
3334,49,5
3334,50,1
3334,80,5
3336,4,5
3336,7,3
3336,10,5
3336,11,4
3336,17,5
3336,31,4
3336,83,2
3350,5,4
3350,6,5
3350,7,2
3350,12,5
3350,23,5
3350,67,3
3370,5,5
3370,6,4
3370,8,4
3370,12,5
3370,26,1
3370,30,3
3370,39,4
3401,5,3
3401,51,5
3401,93,5
3404,1,1
3404,2,5
3404,3,5
3404,8,2
3404,22,5
3404,41,4
3422,10,4
3422,11,5
3422,27,5
3422,58,5
3422,80,3
3430,5,3
3430,7,5
3430,14,5
3430,28,4
3444,2,4
3444,3,5
3444,22,4
3444,47,5
3444,63,5
3444,72,3
3444,86,2
3444,89,4
3444,91,4
3452,1,4
3452,35,1
3452,38,4
3457,6,1
3457,10,4
3457,11,4
3457,94,4
3460,1,3
3460,4,5
3460,20,1
3460,26,4
3460,36,4
3460,43,4
3460,61,5
3460,66,5
3465,6,4
3465,10,5
3465,30,5
3465,64,2
3465,69,5
3478,5,2
3478,9,3
3478,10,5
3478,11,5
3478,17,4
3478,31,5
3478,37,4
3489,1,2
3489,2,5
3489,3,5
3489,4,5
3489,7,5
3489,36,5
3489,63,5
3489,65,1
3489,90,5
3500,2,1
3500,5,5
3500,6,5
3500,9,5
3500,12,4
3500,13,5
3500,31,2
3500,44,5
3500,69,4
3519,2,2
3519,5,5
3519,6,4
3519,8,5
3519,12,5
3519,13,4
3519,16,4
3519,48,5
3519,90,3
3525,1,5
3525,22,1
3525,23,5
3525,64,4
3533,5,5
3533,8,5
3533,9,5
3533,26,1
3533,77,5
3542,4,5
3542,6,4
3542,8,5
3542,11,1
3542,75,2
3542,86,5
3542,87,5
3553,2,4
3553,4,1
3553,17,5
3553,18,2
3553,24,5
3553,46,4
3553,58,5
3553,74,5
3569,1,5
3569,3,1
3569,4,5
3569,15,4
3569,18,4
3569,28,3
3569,33,5
3569,64,5
3569,87,5
3571,4,5
3571,6,5
3571,8,5
3571,10,1
3571,31,2
3571,53,1
3571,62,5
3571,67,5
3571,69,5
3571,86,5
3573,1,2
3573,19,5
3573,45,5
3577,2,5
3577,3,5
3577,7,5
3577,14,5
3577,24,4
3577,26,2
3577,66,1
3577,78,5
3584,5,4
3584,8,5
3584,33,1
3590,4,4
3590,11,4
3590,20,3
3590,27,5
3590,36,4
3590,37,5
3590,62,1
3590,67,4
3591,5,4
3591,9,5
3591,13,5
3591,59,1
3591,62,5
3639,4,5
3639,5,5
3639,6,5
3639,18,2
3639,25,4
3639,28,3
3639,43,5
3639,67,5
3639,79,4
3655,2,2
3655,3,2
3655,10,4
3655,11,5
3655,17,4
3655,57,5
3655,68,5
3655,75,5
3655,84,4
3656,4,5
3656,9,2
3656,33,5
3656,81,5
3672,7,5
3672,10,2
3672,79,5
3689,1,5
3689,15,4
3689,18,5
3689,23,5
3689,26,2
3704,1,4
3704,18,5
3704,27,3
3704,29,5
3704,32,5
3704,60,5
3704,61,1
3706,2,4
3706,4,2
3706,22,4
3706,26,2
3706,52,4
3706,54,5
3706,100,5
3712,4,5
3712,11,2
3712,33,5
3712,50,5
3712,51,5
3712,82,5
3712,99,5
3721,5,5
3721,11,4
3721,17,4
3721,46,2
3721,71,5
3721,94,4
3721,95,2
3721,98,5
3732,2,4
3732,8,1
3732,10,4
3732,42,5
3732,47,5
3745,3,5
3745,28,4
3745,33,2
3757,2,5
3757,5,5
3757,13,5
3757,24,5
3757,29,2
3757,53,2
3757,77,5
3769,1,3
3769,5,5
3769,6,5
3769,7,5
3769,16,5
3769,40,1
3779,11,5
3779,28,1
3779,39,5
3786,4,4
3786,12,4
3786,33,4
3786,66,5
3786,75,1
3787,11,5
3787,17,5
3787,31,5
3787,69,2
3808,1,4
3808,20,5
3808,23,5
3808,32,5
3808,66,3
3817,3,5
3817,9,2
3817,15,5
3817,18,5
3817,19,5
3817,92,3
3831,5,5
3831,6,5
3831,9,4
3831,16,4
3831,47,1
3859,4,1
3859,10,5
3859,11,5
3859,92,5
3864,1,5
3864,8,1
3864,15,5
3864,18,5
3864,29,5
3864,38,4
3864,40,5
3864,81,1
3876,10,5
3876,15,1
3876,17,5
3876,51,5
3876,63,1
3876,66,4
3876,75,5
3876,90,5
3897,1,5
3897,4,4
3897,6,2
3897,36,5
3897,43,4
3897,49,5
3902,6,5
3902,10,5
3902,11,5
3902,14,2
3902,26,3
3902,37,5
3902,75,4
3910,1,5
3910,3,3
3910,10,5
3910,11,5
3910,15,5
3910,32,5
3910,43,1
3910,68,5
3910,78,2
3910,84,4
3931,1,5
3931,5,5
3931,8,4
3931,39,5
3931,43,2
3931,57,2
3931,59,5
3940,3,1
3940,10,4
3940,11,5
3940,27,4
3962,5,4
3962,13,4
3962,25,4
3962,44,5
3962,49,2
3965,5,4
3965,6,5
3965,12,5
3965,13,4
3965,25,5
3965,37,1
3965,42,3
3965,44,5
3965,59,1
3973,3,5
3973,22,4
3973,32,1
3973,46,5
3973,95,5
3983,5,5
3983,6,5
3983,11,1
3983,12,4
3987,1,5
3987,4,1
3987,15,5
3987,32,5
3987,38,5
3988,2,2
3988,5,5
3988,8,4
3988,16,4
3988,21,5
3988,25,5
3988,36,2
3988,72,5
4024,2,4
4024,7,4
4024,14,5
4024,49,1
4027,1,5
4027,3,2
4027,18,5
4027,33,1
4027,38,5
4027,53,5
4032,5,5
4032,6,5
4032,10,3
4032,40,5
4032,65,4
4032,81,1
4059,1,1
4059,4,3
4059,5,4
4059,6,5
4059,9,5
4059,12,5
4059,44,5
4059,48,5
4059,71,4
4063,2,5
4063,3,4
4063,7,4
4063,10,1
4063,14,5
4063,20,2
4063,24,5
4063,78,4
4100,10,4
4100,17,4
4100,26,3
4100,30,5
4100,84,5
4104,2,2
4104,4,1
4104,6,5
4104,15,5
4104,18,5
4104,20,5
4105,2,5
4105,3,4
4105,7,4
4105,11,2
4105,19,4
4105,24,4
4108,4,5
4108,10,4
4108,30,4
4108,37,4
4108,43,5
4108,61,4
4108,89,2
4112,1,1
4112,2,5
4112,3,4
4112,7,5
4112,14,5
4112,18,2
4112,19,5
4113,2,4
4113,14,4
4113,17,3
4113,22,5
4113,24,5
4113,54,5
4126,2,4
4126,22,5
4126,24,5
4126,26,2
4126,27,1
4126,28,4
4126,46,5
4126,54,5
4133,3,3
4133,36,5
4133,43,5
4133,67,4
4145,2,5
4145,11,4
4145,13,2
4145,34,4
4145,54,5
4152,5,1
4152,7,5
4152,15,5
4152,28,5
4152,65,5
4155,5,5
4155,20,2
4155,54,4
4155,95,5
4198,2,5
4198,3,5
4198,5,5
4198,6,5
4198,8,4
4198,12,5
4198,17,1
4198,23,2
4198,25,5
4198,70,4
4241,6,4
4241,9,5
4241,16,5
4241,45,1
4242,1,5
4242,23,4
4242,32,5
4242,44,1
4242,67,2
4242,83,4
4264,2,4
4264,4,1
4264,24,4
4268,1,5
4268,15,5
4268,18,5
4268,50,1
4268,64,4
4271,2,5
4271,3,5
4271,24,5
4271,86,3
4273,2,4
4273,3,5
4273,20,2
4274,5,5
4274,6,4
4274,10,4
4274,17,4
4274,25,4
4274,26,1
4274,37,4
4274,73,1
4285,1,2
4285,4,2
4285,10,5
4285,17,4
4285,27,5
4285,35,2
4285,37,5
4285,42,5
4285,45,5
4285,58,5
4286,1,5
4286,4,2
4286,7,4
4286,8,1
4286,15,5
4286,24,5
4286,83,5
4286,95,5
4296,4,3
4296,6,5
4296,7,4
4296,9,5
4296,20,2
4296,22,5
4296,28,5
4296,88,5
4296,95,5
4298,1,2
4298,4,4
4298,6,1
4298,10,5
4298,12,3
4298,26,5
4298,31,5
4298,35,4
4298,43,5
4298,76,5
4307,4,5
4307,12,3
4307,26,5
4307,30,1
4307,35,5
4307,43,5
4307,50,5
4307,61,5
4307,82,5
4326,2,4
4326,3,5
4326,6,1
4326,15,5
4326,54,5
4329,2,5
4329,4,4
4329,19,4
4329,38,2
4329,46,5
4329,83,3
4334,30,2
4334,61,5
4334,90,5
4345,5,4
4345,16,4
4345,68,3
4367,4,5
4367,5,2
4367,6,1
4367,8,1
4367,11,5
4367,17,4
4367,26,4
4367,27,4
4367,35,5
4367,74,5
4372,4,5
4372,11,2
4372,36,4
4372,50,5
4377,10,2
4377,33,4
4377,61,5
4377,90,5
4395,5,5
4395,6,4
4395,13,5
4395,25,5
4395,69,4
4395,82,1
4395,88,4
4434,2,4
4434,3,4
4434,10,4
4434,14,4
4434,26,2
4434,27,4
4434,78,5
4436,5,5
4436,6,5
4436,8,4
4436,13,5
4436,16,5
4436,26,3
4436,41,1
4444,3,5
4444,4,3
4444,5,5
4444,9,5
4444,10,1
4444,14,5
4444,30,2
4444,44,5
4444,46,5
4444,100,5
4456,2,5
4456,3,5
4456,5,2
4456,7,4
4456,14,4
4456,15,1
4456,47,5
4458,3,2
4458,4,4
4458,5,5
4458,6,4
4458,10,2
4458,19,1
4458,35,5
4458,61,5
4458,69,4
4458,87,5
4462,2,1
4462,9,4
4462,39,5
4465,4,4
4465,5,2
4465,33,4
4465,35,5
4465,43,5
4465,66,5
4465,74,2
4465,76,4
4466,30,5
4466,42,5
4466,60,1
4469,1,4
4469,3,2
4469,15,5
4469,23,5
4469,73,5
4482,24,5
4482,26,1
4482,34,5
4482,46,4
4482,58,4
4503,6,4
4503,11,1
4503,12,4
4503,25,5
4503,44,5
4509,2,5
4509,4,2
4509,7,5
4509,13,5
4509,14,5
4509,21,4
4509,60,2
4509,69,5
4509,78,5
4520,1,5
4520,15,4
4520,26,1
4521,3,3
4521,4,5
4521,26,5
4521,33,4
4521,35,5
4521,40,1
4521,43,4
4521,50,5
4521,66,5
4521,99,5
4531,19,5
4531,68,1
4531,71,5
4533,6,5
4533,10,1
4533,39,5
4559,4,4
4559,7,1
4559,26,5
4559,33,5
4559,34,1
4559,35,4
4559,50,5
4559,79,4
4559,81,5
4559,82,5
4561,1,3
4561,2,4
4561,3,5
4561,14,5
4561,22,5
4561,34,1
4561,41,5
4572,8,1
4572,10,4
4572,17,5
4572,26,5
4572,36,5
4574,2,2
4574,10,4
4574,11,5
4574,17,5
4574,56,5
4588,2,2
4588,10,5
4588,11,5
4588,23,3
4588,30,5
4588,92,5
4588,94,5
4589,5,4
4589,6,5
4589,10,2
4589,12,5
4589,25,5
4589,39,5
4589,44,4
4589,45,1
4589,72,4
4619,10,5
4619,38,2
4619,42,5
4619,68,5
4622,2,4
4622,3,5
4622,7,4
4622,8,4
4622,11,2
4622,12,5
4622,25,5
4622,52,4
4622,57,1
4630,1,1
4630,5,5
4630,8,5
4630,9,4
4630,71,4
4675,4,4
4675,17,2
4675,89,5
4679,1,1
4679,5,5
4679,6,5
4679,8,5
4679,10,1
4679,13,5
4679,69,5
4679,72,5
4698,1,2
4698,14,5
4698,19,4
4698,41,5
4698,54,5
4714,3,3
4714,5,4
4714,6,5
4714,9,5
4714,12,4
4714,21,5
4714,55,2
4714,77,5
4714,88,4
4716,8,3
4716,10,4
4716,57,5
4716,68,5
4727,4,5
4727,5,2
4727,66,4
4727,86,4
4727,90,5
4730,2,3
4730,10,4
4730,30,4
4730,34,5
4730,45,5
4745,5,1
4745,15,4
4745,18,5
4745,32,5
4745,73,5
4745,84,1
4754,4,4
4754,8,2
4754,26,4
4754,32,1
4754,33,4
4754,50,5
4754,82,4
4758,5,1
4758,7,5
4758,54,5
4758,55,5
4763,4,2
4763,9,5
4763,15,5
4770,1,2
4770,5,4
4770,6,5
4770,7,3
4770,8,5
4770,10,5
4770,28,1
4770,31,4
4770,72,4
4770,94,4
4786,5,5
4786,46,4
4786,61,2
4786,69,4
4786,71,5
4789,2,4
4789,3,5
4789,14,5
4789,17,1
4789,22,5
4789,28,5
4789,46,5
4809,1,5
4809,15,5
4809,18,4
4809,20,5
4809,29,5
4809,31,2
4809,32,4
4809,38,5
4809,66,2
4825,2,5
4825,3,5
4825,7,5
4825,14,5
4825,18,2
4825,24,4
4825,43,3
4834,5,5
4834,10,5
4834,11,5
4834,27,4
4834,31,5
4834,40,3
4834,69,4
4834,77,4
4834,95,3
4855,4,5
4855,26,5
4855,66,4
4855,90,5
4855,91,2
4855,99,4
4872,4,4
4872,5,2
4872,12,3
4872,35,5
4872,58,4
4872,68,4
4872,86,5
4874,2,4
4874,3,4
4874,7,5
4874,17,2
4874,46,5
4874,63,5
4874,96,2
4876,4,1
4876,21,5
4876,64,4
4892,2,2
4892,5,4
4892,6,5
4892,8,4
4892,16,5
4892,43,1
4892,69,5
4893,2,2
4893,4,1
4893,10,5
4893,11,5
4893,16,4
4893,58,5
4893,74,5
4905,14,4
4905,24,4
4905,30,2
4905,50,4
4905,52,5
4943,4,4
4943,5,2
4943,35,4
4943,36,5
4943,43,5
4976,4,3
4976,10,5
4976,31,5
4976,84,4
4978,4,5
4978,10,2
4978,26,5
4978,27,3
4978,36,5
4978,43,5
4978,76,4
4978,86,5
4978,90,4
4981,1,4
4981,15,5
4981,18,4
4981,23,5
4981,40,5
4981,48,1
4981,60,5
4981,80,5
4981,86,2
4986,1,3
4986,5,4
4986,12,5
4986,26,1
4986,27,5
4986,44,4
4986,68,5
4986,92,5
5002,2,5
5002,3,5
5002,5,2
5002,7,5
5002,14,4
5002,19,5
5002,63,4
5002,74,1
5002,78,4
5042,2,5
5042,5,1
5042,10,4
5042,11,5
5042,15,3
5042,22,5
5042,41,5
5042,54,5
5042,98,5
5049,5,4
5049,6,4
5049,9,5
5049,12,5
5049,17,2
5049,32,1
5049,50,5
5049,61,4
5049,77,5
5089,2,5
5089,3,4
5089,14,5
5089,54,4
5089,67,3
5100,6,2
5100,20,4
5100,40,5
5100,81,3
5100,85,4
5100,93,5
5119,9,5
5119,13,4
5119,26,2
5119,32,1
5119,39,5
5119,53,2
5119,62,5
5119,69,4
5119,71,5
5139,1,2
5139,2,4
5139,4,3
5139,5,4
5139,6,5
5139,14,5
5139,25,4
5139,28,5
5139,46,4
5139,59,2
5140,4,2
5140,15,5
5140,18,5
5140,26,2
5140,38,5
5140,53,5
5140,60,5
5140,64,4
5140,80,4
5144,1,4
5144,3,3
5144,13,2
5144,15,4
5144,29,5
5144,38,5
5144,49,5
5144,60,5
5154,1,5
5154,2,5
5154,3,4
5154,30,1
5158,1,3
5158,2,4
5158,3,4
5158,8,2
5158,10,4
5158,11,4
5158,27,5
5158,33,1
5158,45,4
5158,46,5
5160,1,4
5160,10,2
5160,14,4
5160,18,4
5160,20,5
5160,59,4
5160,94,3
5173,1,5
5173,5,5
5173,6,5
5173,11,2
5173,40,5
5174,5,1
5174,10,4
5174,17,4
5174,31,4
5174,33,5
5174,34,5
5174,50,5
5174,52,1
5187,2,5
5187,3,5
5187,7,5
5187,14,5
5187,33,1
5187,39,2
5189,2,4
5189,6,2
5189,7,4
5189,19,5
5189,41,5
5189,88,1
5211,4,5
5211,33,5
5211,35,5
5211,36,5
5211,37,3
5211,61,5
5211,63,2
5211,66,4
5211,82,5
5211,87,5
5222,4,5
5222,26,5
5222,30,1
5222,35,5
5222,41,3
5222,51,5
5222,82,4
5222,87,5
5222,90,5
5222,99,4
5239,1,4
5239,5,1
5239,8,1
5239,49,5
5239,83,4
5239,85,5
5259,4,5
5259,26,4
5259,34,3
5259,76,5
5282,8,1
5282,10,4
5282,11,5
5282,17,5
5282,39,1
5282,45,4
5282,49,3
5282,57,5
5282,75,5
5282,98,5
5322,4,5
5322,17,1
5322,26,5
5322,43,5
5322,46,1
5322,50,5
5322,81,5
5333,2,5
5333,33,1
5333,75,5
5333,98,5
5334,4,5
5334,6,4
5334,8,5
5334,10,2
5344,8,4
5344,22,1
5344,72,4
5350,5,5
5350,6,5
5350,12,4
5350,16,5
5350,39,4
5350,62,5
5350,82,2
5350,86,3
5363,3,3
5363,5,4
5363,27,5
5375,10,2
5375,15,2
5375,19,5
5375,26,5
5375,35,4
5375,81,5
5375,90,5
5392,4,5
5392,6,1
5392,15,1
5392,26,5
5392,43,5
5392,50,5
5392,76,5
5392,82,4
5393,4,5
5393,8,3
5393,22,5
5393,29,2
5393,51,5
5393,61,5
5393,91,5
5398,4,5
5398,26,5
5398,35,5
5398,43,5
5398,67,4
5398,68,3
5398,79,4
5398,98,2
5404,5,4
5404,6,5
5404,8,5
5404,9,5
5404,12,5
5404,21,5
5404,25,5
5404,27,2
5404,36,1
5404,48,5
5410,1,2
5410,6,4
5410,8,4
5415,2,1
5415,4,4
5415,33,4
5415,50,4
5417,3,5
5417,5,2
5417,27,4
5417,41,5
5418,1,5
5418,2,5
5418,5,3
5418,14,5
5418,15,5
5418,16,2
5418,19,4
5418,24,4
5418,41,5
5418,64,5
5428,5,4
5428,8,4
5428,12,5
5428,16,5
5428,18,1
5428,29,1
5441,1,2
5441,3,4
5441,10,5
5441,18,2
5441,19,4
5441,45,4
5441,46,5
5450,2,5
5450,3,5
5450,6,5
5450,7,5
5450,9,5
5450,26,2
5464,6,5
5464,9,5
5464,13,5
5464,21,5
5464,78,2
5467,2,3
5467,11,4
5467,15,2
5467,27,5
5467,30,5
5467,31,5
5467,45,4
5467,58,5
5467,62,1
5467,75,5
5469,2,5
5469,5,1
5469,14,5
5469,28,5
5469,95,5
5488,2,5
5488,7,5
5488,22,4
5488,23,1
5488,30,2
5488,36,4
5488,82,4
5488,90,4
5503,1,5
5503,4,2
5503,18,4
5503,20,5
5503,26,1
5503,29,5
5503,85,4
5508,5,1
5508,7,5
5508,10,4
5508,11,5
5508,30,5
5508,38,3
5508,57,5
5508,78,4
5519,5,4
5519,8,4
5519,13,5
5519,16,5
5519,30,3
5522,6,4
5522,46,5
5522,67,1
5522,72,4
5526,4,5
5526,5,5
5526,6,5
5526,7,2
5526,9,5
5526,10,3
5526,39,5
5526,66,5
5526,67,5
5532,2,5
5532,5,1
5532,15,4
5532,20,5
5532,49,5
5537,1,1
5537,10,5
5537,11,5
5537,17,5
5537,27,5
5537,32,1
5537,42,5
5537,57,4
5541,10,5
5541,11,5
5541,30,5
5541,87,2
5541,89,5
5543,2,1
5543,5,5
5543,7,1
5543,45,5
5543,74,5
5543,94,4
5543,98,4
5552,2,4
5552,3,5
5552,8,2
5552,19,5
5552,41,5
5552,55,4
5562,1,5
5562,7,2
5562,20,5
5562,23,5
5562,56,2
5562,83,5
5562,93,5
5586,5,5
5586,6,5
5586,8,5
5586,10,3
5586,18,2
5586,25,5
5586,39,5
5586,69,4
5586,91,1
5594,3,4
5594,24,4
5594,67,3
5597,4,4
5597,6,2
5597,19,2
5597,26,5
5597,33,5
5597,36,5
5597,66,5
5597,79,5
5597,86,5
5597,97,4
5598,5,4
5598,6,5
5598,8,4
5598,9,5
5598,10,1
5598,13,5
5598,20,1
5598,39,5
5612,6,5
5612,10,2
5612,16,4
5612,30,2
5612,71,5
5612,77,5
5630,5,5
5630,6,4
5630,12,5
5630,15,1
5630,21,4
5630,39,5
5630,41,3
5630,44,5
5630,71,4
5630,72,5
5646,1,5
5646,2,4
5646,3,5
5646,12,3
5646,15,4
5646,20,5
5646,21,2
5646,29,5
5646,40,5
5646,69,2
5647,1,4
5647,4,2
5647,10,2
5647,15,4
5647,18,5
5647,20,5
5647,23,5
5647,32,5
5647,49,4
5647,93,5
5662,5,5
5662,8,4
5662,11,2
5662,47,1
5662,69,4
5662,88,5
5666,3,1
5666,4,5
5666,20,2
5666,26,4
5666,67,4
5666,87,5
5677,26,4
5677,57,2
5677,67,4
5677,82,5
5715,2,2
5715,10,5
5715,11,5
5715,15,5
5715,19,2
5715,23,5
5715,30,5
5715,31,5
5715,40,5
5720,1,1
5720,10,5
5720,54,4
5723,2,5
5723,5,1
5723,7,4
5723,15,5
5723,18,5
5723,23,5
5723,26,2
5723,29,5
5723,40,5
5729,1,5
5729,10,2
5729,15,4
5729,18,4
5729,30,1
5729,32,5
5729,38,4
5729,40,5
5729,73,5
5742,4,5
5742,5,3
5742,23,1
5742,26,5
5742,29,3
5742,35,4
5742,36,5
5742,61,4
5742,66,5
5742,87,5
5744,1,5
5744,3,5
5744,14,5
5744,33,2
5744,53,5
5744,61,1
5744,89,4
5744,93,5
5751,4,4
5751,10,4
5751,69,2
5756,3,4
5756,8,5
5756,25,4
5756,28,4
5756,33,2
5756,44,5
5756,47,4
5756,73,3
5756,75,2
5771,1,2
5771,8,5
5771,9,5
5771,10,2
5771,13,5
5771,16,5
5771,48,5
5771,88,5
5780,2,1
5780,10,5
5780,42,5
5780,58,5
5781,2,5
5781,8,1
5781,14,5
5781,17,1
5781,38,4
5781,59,5
5785,1,5
5785,5,2
5785,15,5
5785,20,5
5785,29,5
5785,83,5
5785,85,4
5788,1,5
5788,23,4
5788,34,5
5788,49,5
5788,68,5
5788,72,1
5788,81,1
5788,84,5
5819,10,1
5819,11,1
5819,15,5
5819,32,5
5819,40,5
5819,65,4
5819,83,5
5820,5,5
5820,8,5
5820,9,4
5820,12,5
5820,16,4
5820,25,4
5820,40,3
5820,44,5
5820,65,1
5827,4,1
5827,28,5
5827,89,4
5827,95,5
5837,4,5
5837,6,2
5837,9,1
5837,15,4
5837,18,5
5837,26,5
5837,33,5
5837,36,5
5870,8,2
5870,11,5
5870,34,4
5870,56,5
5874,2,4
5874,7,4
5874,11,1
5874,14,4
5874,15,4
5874,32,5
5881,2,5
5881,4,3
5881,5,5
5881,10,1
5881,34,1
5881,41,4
5881,52,4
5881,70,4
5881,91,5
5881,95,5
5885,5,2
5885,10,5
5885,11,5
5885,27,5
5885,30,4
5885,32,1
5885,34,5
5887,3,2
5887,6,4
5887,8,5
5887,10,4
5887,14,1
5887,17,5
5887,25,4
5887,42,5
5887,53,3
5887,57,5
5906,4,5
5906,10,3
5906,26,5
5906,33,4
5906,35,5
5906,50,5
5906,51,5
5906,61,4
5906,73,2
5906,97,5
5931,3,5
5931,10,4
5931,11,4
5931,17,5
5931,19,5
5931,24,5
5931,30,5
5931,35,3
5931,96,2
5945,2,5
5945,5,1
5945,10,5
5945,14,5
5945,15,2
5945,19,5
5945,46,5
5945,55,5
5954,10,5
5954,11,4
5954,15,2
5954,31,5
5954,56,5
5954,57,5
5954,68,5
5966,4,4
5966,8,2
5966,10,2
5966,26,5
5966,35,5
5966,43,4
5966,50,4
5966,67,5
5966,82,5
5966,90,5
5969,1,2
5969,43,5
5969,81,4
5988,1,5
5988,5,5
5988,7,1
5988,64,5
5990,2,4
5990,3,4
5990,4,4
5990,6,2
5990,7,5
5990,22,5
5990,26,5
5990,33,5
5990,41,5
5990,57,1
