users,recommender,fit_time_median_sec,rec_time_median_sec,total_time_median_sec
10,baseline,0.000114,4e-05,0.000154
10,cosine,0.000186,0.000486,0.000671
10,weighted_cosine,0.000126,0.000465,0.000591
10,sparse,0.001521,0.000513,0.001944
100,baseline,0.000988,8e-05,0.001075
100,cosine,0.000734,0.003532,0.004265
100,weighted_cosine,0.001216,0.005101,0.00594
100,sparse,0.002486,0.000583,0.003202
500,baseline,0.004727,0.000108,0.004835
500,cosine,0.004106,0.015074,0.01918
500,weighted_cosine,0.004556,0.025227,0.029224
500,sparse,0.006088,0.000625,0.006712
1000,baseline,0.010712,0.000122,0.010927
1000,cosine,0.008259,0.036619,0.047162
1000,weighted_cosine,0.008797,0.051942,0.061043
1000,sparse,0.009964,0.00077,0.010733
