user_id,rank,movie_id,score,confidence
1003,1,1,9.6163,0.282
1003,2,23,6.6136,0.1939
1003,3,20,6.4257,0.1884
1003,4,32,6.3177,0.2083
1003,5,65,5.4126,0.1769
1004,1,2,9.3452,0.4973
1004,2,7,8.5266,0.5029
1004,3,6,4.0243,0.2867
1004,4,3,3.4784,0.2133
1004,5,36,2.1856,0.1072
1013,1,10,22.2383,0.8778
1013,2,11,18.7496,0.8123
1013,3,68,5.4577,0.2291
1013,4,57,4.8719,0.203
1013,5,5,4.7916,0.3634
1017,1,66,8.3982,0.4126
1017,2,4,8.0227,0.3951
1017,3,35,6.269,0.2925
1017,4,1,5.8747,0.3141
1017,5,50,4.0997,0.1913
1026,1,12,6.1489,0.2052
1026,2,39,5.7695,0.1926
1026,3,13,5.3236,0.1984
1026,4,10,4.7417,0.2933
1026,5,37,3.0592,0.2082
1029,1,1,12.9704,0.5755
1029,2,29,6.4234,0.2658
1029,3,18,6.3203,0.2824
1029,4,23,4.6861,0.1939
1029,5,20,4.3902,0.1817
1045,1,1,12.9385,0.4907
1045,2,29,6.5922,0.2566
1045,3,23,5.2123,0.1893
1045,4,83,4.4656,0.1809
1045,5,18,4.4636,0.1808
1053,1,27,13.6017,0.5035
1053,2,57,7.9748,0.3038
1053,3,37,5.4623,0.1939
1053,4,68,4.9907,0.1975
1053,5,56,4.9602,0.1957
1058,1,18,7.783,0.305
1058,2,40,6.3122,0.2128
1058,3,38,6.1383,0.207
1058,4,3,4.5715,0.1936
1058,5,83,3.0857,0.1041
1064,1,11,16.5583,0.6046
1064,2,34,11.8825,0.4057
1064,3,42,8.0342,0.295
1064,4,17,7.7221,0.3295
1064,5,57,5.7943,0.1978
1076,1,9,13.6717,0.7335
1076,2,5,8.9058,0.4792
1076,3,13,5.9033,0.2895
1076,4,12,5.4357,0.3091
1076,5,62,4.389,0.2152
1079,1,1,15.8492,0.5942
1079,2,6,5.79,0.4151
1079,3,59,4.9864,0.1879
1079,4,32,4.3291,0.1836
1079,5,64,3.3536,0.1138
1094,1,26,8.4009,0.2783
1094,2,82,8.0757,0.2874
1094,3,67,4.6845,0.1799
1094,4,8,4.0734,0.1859
1094,5,6,3.8822,0.1712
1120,1,34,9.1772,0.2819
1120,2,42,6.5501,0.2223
1120,3,75,5.9135,0.2021
1120,4,68,5.6439,0.1945
1120,5,31,5.5468,0.213
1159,1,3,9.7779,0.5891
1159,2,19,7.1713,0.4165
1159,3,14,6.1642,0.3254
1159,4,7,5.9864,0.3222
1159,5,2,5.3793,0.2861
1172,1,33,12.1186,0.3965
1172,2,43,8.859,0.2947
1172,3,35,8.6429,0.2852
1172,4,76,5.7532,0.1976
1172,5,6,3.8667,0.1988
1193,1,7,9.5727,0.3861
1193,2,14,7.9346,0.2943
1193,3,22,7.8941,0.3145
1193,4,8,3.9453,0.3101
1193,5,1,3.2429,0.1797
1200,1,6,4.1135,0.196
1200,2,92,3.8474,0.105
1200,3,31,3.5635,0.0973
1200,4,37,3.3469,0.0914
1200,5,30,3.289,0.0898
1203,1,26,12.1735,0.3979
1203,2,35,11.5172,0.3996
1203,3,33,8.4578,0.2952
1203,4,67,8.2044,0.2872
1203,5,36,6.4446,0.2106
1204,1,38,8.5673,0.3076
1204,2,64,6.1704,0.1914
1204,3,23,6.1332,0.1903
1204,4,29,5.9486,0.1845
1204,5,59,3.4219,0.1062
1217,1,38,7.8095,0.3077
1217,2,11,4.5376,0.2078
1217,3,40,2.9363,0.1076
1217,4,65,2.9266,0.1072
1217,5,58,2.7454,0.1006
1226,1,33,9.8347,0.395
1226,2,76,5.5588,0.2012
1226,3,1,5.4163,0.1961
1226,4,35,4.8391,0.1946
1226,5,27,3.1377,0.1136
1244,1,18,5.7798,0.2015
1244,2,10,5.1788,0.2012
1244,3,20,3.5103,0.1224
1244,4,29,3.5103,0.1224
1244,5,38,3.5103,0.1224
1257,1,50,10.0081,0.2922
1257,2,97,9.8338,0.3093
1257,3,43,9.3113,0.2915
1257,4,79,8.6438,0.2902
1257,5,67,6.0371,0.1949
1260,1,12,16.6228,0.612
1260,2,9,9.614,0.3999
1260,3,13,9.4594,0.3967
1260,4,8,5.4586,0.1939
1260,5,39,2.7191,0.0966
1262,1,31,7.9377,0.2845
1262,2,27,5.077,0.1904
1262,3,17,4.2835,0.1797
1262,4,92,3.0522,0.1024
1262,5,57,2.6982,0.0906
1295,1,1,12.2949,0.4966
1295,2,26,6.4675,0.2982
1295,3,32,5.2468,0.1942
1295,4,36,3.3404,0.2072
1295,5,60,2.6942,0.0997
1313,1,37,8.4088,0.2921
1313,2,34,5.473,0.1901
1313,3,26,5.2071,0.4012
1313,4,17,4.9641,0.1913
1313,5,27,4.4458,0.193
1317,1,92,3.9024,0.1059
1317,2,31,3.6596,0.0993
1317,3,30,3.336,0.0905
1317,4,89,3.336,0.0905
1317,5,27,3.2163,0.1091
1325,1,50,8.8884,0.2811
1325,2,82,7.2011,0.2847
1325,3,43,6.4427,0.2037
1325,4,36,5.4096,0.1905
1325,5,18,3.5697,0.1905
1326,1,6,6.2953,0.2926
1326,2,9,4.8592,0.1962
1326,3,13,4.4176,0.1965
1326,4,16,4.3543,0.1939
1326,5,7,3.0118,0.3036
1342,1,4,11.9385,0.6101
1342,2,26,11.8887,0.6083
1342,3,33,10.3036,0.4932
1342,4,7,5.3465,0.3954
1342,5,35,5.2833,0.2921
1355,1,5,22.926,0.7941
1355,2,25,8.9762,0.2806
1355,3,48,6.1834,0.1933
1355,4,9,6.028,0.1884
1355,5,13,4.8824,0.1908
1361,1,18,10.4475,0.4041
1361,2,60,5.1194,0.1764
1361,3,4,3.581,0.4115
1361,4,83,3.3401,0.1151
1361,5,2,2.9904,0.1756
1363,1,50,11.3565,0.3806
1363,2,43,6.0014,0.2011
1363,3,35,5.6265,0.2099
1363,4,82,5.3157,0.1961
1363,5,66,4.9029,0.1833
1375,1,15,6.629,0.383
1375,2,5,6.5894,0.4514
1375,3,6,4.5758,0.3598
1375,4,85,3.5179,0.1932
1375,5,16,3.2453,0.1782
1378,1,35,8.587,0.3086
1378,2,66,4.396,0.1975
1378,3,5,3.3154,0.1707
1378,4,76,3.1235,0.1123
1378,5,97,3.1235,0.1123
1385,1,9,11.415,0.4657
1385,2,6,5.1219,0.2219
1385,3,69,4.1555,0.1799
1385,4,26,2.7913,0.182
1385,5,77,2.3401,0.0913
1410,1,74,4.9997,0.1991
1410,2,27,4.8006,0.2114
1410,3,17,4.3586,0.1941
1410,4,42,4.111,0.1821
1410,5,34,3.8988,0.1941
1414,1,35,8.0397,0.2998
1414,2,79,5.7652,0.1881
1414,3,82,5.7486,0.2082
1414,4,50,5.4744,0.1997
1414,5,76,5.359,0.1955
1416,1,24,4.9226,0.2001
1416,2,10,4.5977,0.2098
1416,3,63,4.3782,0.201
1416,4,2,4.1666,0.1694
1416,5,37,3.0405,0.1974
1443,1,30,5.5543,0.1805
1443,2,4,4.6116,0.2862
1443,3,92,3.1477,0.1023
1443,4,31,2.9519,0.0959
1443,5,17,2.8635,0.093
1458,1,27,9.0741,0.2911
1458,2,30,5.5053,0.1958
1458,3,76,4.3006,0.138
1458,4,31,3.1081,0.0997
1458,5,68,3.0601,0.0982
1465,1,16,5.9696,0.1993
1465,2,2,5.7859,0.2121
1465,3,25,5.7191,0.191
1465,4,28,2.8756,0.12
1465,5,39,2.6596,0.0888
1468,1,2,11.0934,0.7161
1468,2,7,7.7542,0.4811
1468,3,4,4.3248,0.2774
1468,4,14,4.2407,0.2534
1468,5,19,4.1531,0.2481
1474,1,5,10.0763,0.502
1474,2,32,4.6771,0.2912
1474,3,16,4.6767,0.2169
1474,4,13,4.5552,0.1915
1474,5,10,4.4679,0.2789
1479,1,14,11.8849,0.3684
1479,2,22,6.0201,0.1767
1479,3,78,5.6822,0.2085
1479,4,55,3.2925,0.1208
1479,5,1,3.0317,0.2803
1480,1,1,12.833,0.684
1480,2,15,7.3381,0.3939
1480,3,5,5.0709,0.4241
1480,4,32,4.2933,0.2305
1480,5,20,4.2421,0.2273
1482,1,38,8.0167,0.4207
1482,2,18,5.6559,0.286
1482,3,30,5.5408,0.299
1482,4,11,5.2797,0.2858
1482,5,1,5.1182,0.3127
1496,1,35,9.1707,0.3032
1496,2,50,6.7201,0.2222
1496,3,7,3.6628,0.2048
1496,4,22,3.5881,0.1925
1496,5,99,3.5555,0.1176
1499,1,4,7.0081,0.3341
1499,2,33,5.7441,0.2876
1499,3,12,4.0943,0.1784
1499,4,6,3.677,0.1784
1499,5,61,3.3121,0.1804
1520,1,20,8.9108,0.2964
1520,2,1,8.4333,0.3038
1520,3,23,5.5748,0.1854
1520,4,73,5.4718,0.2053
1520,5,32,5.3254,0.1992
1524,1,2,18.1547,0.7729
1524,2,3,9.2989,0.374
1524,3,7,8.5102,0.3652
1524,4,1,6.308,0.4429
1524,5,22,4.1898,0.1759
1542,1,18,9.9166,0.3025
1542,2,4,4.1389,0.2694
1542,3,73,3.4348,0.1048
1542,4,85,3.0042,0.0916
1542,5,26,2.7205,0.3119
1552,1,10,19.9368,0.6969
1552,2,27,9.2573,0.2948
1552,3,31,6.6462,0.2117
1552,4,58,6.5425,0.2084
1552,5,68,5.4682,0.1922
1556,1,5,15.9134,0.5861
1556,2,8,9.0351,0.3681
1556,3,9,5.2826,0.2038
1556,4,21,5.1555,0.1944
1556,5,44,4.7534,0.1834
1561,1,17,9.3137,0.4188
1561,2,27,7.7743,0.2968
1561,3,45,6.9149,0.3034
1561,4,74,5.4104,0.2066
1561,5,31,4.6941,0.2005
1563,1,23,8.7538,0.2857
1563,2,32,5.656,0.1924
1563,3,38,5.6131,0.1913
1563,4,4,3.7369,0.3855
1563,5,29,3.275,0.0999
1566,1,8,13.1468,0.4601
1566,2,6,11.6013,0.4067
1566,3,16,7.4964,0.2724
1566,4,48,5.1942,0.1655
1566,5,13,4.8826,0.1723
1568,1,7,16.9957,0.6111
1568,2,3,16.5856,0.602
1568,3,46,5.9777,0.2077
1568,4,63,5.5939,0.1961
1568,5,24,5.3681,0.1873
1569,1,14,12.019,0.4912
1569,2,78,7.1977,0.2908
1569,3,24,6.7504,0.2929
1569,4,10,5.1096,0.212
1569,5,6,4.3076,0.2025
1573,1,15,18.8251,0.899
1573,2,1,12.1661,0.5785
1573,3,20,6.8186,0.2812
1573,4,40,4.1762,0.1914
1573,5,53,2.4835,0.1024
1580,1,14,7.3422,0.4139
1580,2,54,4.6164,0.2235
1580,3,27,4.4567,0.1933
1580,4,5,4.3337,0.2956
1580,5,46,4.2642,0.2045
1581,1,3,20.4253,0.7049
1581,2,78,5.991,0.2117
1581,3,5,4.24,0.1962
1581,4,46,3.0765,0.0973
1581,5,19,2.7184,0.086
1584,1,17,8.77,0.2825
1584,2,27,8.5346,0.2749
1584,3,57,6.0995,0.1965
1584,4,75,5.2279,0.1874
1584,5,30,5.1242,0.1832
1594,1,2,24.2623,0.8116
1594,2,24,7.9571,0.3015
1594,3,78,7.6272,0.2862
1594,4,5,6.9671,0.3801
1594,5,19,5.9816,0.1954
1596,1,7,8.0046,0.3006
1596,2,3,7.2891,0.2931
1596,3,19,6.0489,0.2102
1596,4,5,3.8602,0.2932
1596,5,27,3.35,0.1927
1600,1,26,13.1884,0.5173
1600,2,66,5.0927,0.2039
1600,3,82,5.0812,0.2041
1600,4,61,5.0767,0.2039
1600,5,5,4.6452,0.3121
1616,1,7,17.1501,0.6084
1616,2,78,4.9432,0.2049
1616,3,89,3.1264,0.1037
1616,4,41,3.0488,0.1011
1616,5,54,2.9181,0.0967
1617,1,27,10.8227,0.3675
1617,2,30,5.1901,0.1947
1617,3,68,5.0116,0.188
1617,4,42,4.2098,0.1787
1617,5,31,3.0158,0.1024
1645,1,11,7.9878,0.5048
1645,2,31,6.3445,0.288
1645,3,4,4.0845,0.3066
1645,4,99,3.9943,0.2037
1645,5,43,3.9699,0.1987
1653,1,29,9.41,0.3677
1653,2,18,8.8674,0.411
1653,3,15,7.5663,0.3407
1653,4,23,5.1366,0.2007
1653,5,60,4.8572,0.2074
1656,1,10,14.3536,0.6028
1656,2,31,7.4102,0.2978
1656,3,57,5.165,0.1943
1656,4,27,4.933,0.1855
1656,5,75,4.6577,0.1943
1671,1,11,11.7268,0.4655
1671,2,34,5.2182,0.1827
1671,3,27,4.7996,0.1868
1671,4,18,3.7765,0.1932
1671,5,58,2.9068,0.1018
1694,1,6,12.7779,0.4861
1694,2,8,10.7903,0.4032
1694,3,44,5.6773,0.1918
1694,4,1,3.2247,0.1089
1694,5,12,3.018,0.1019
1701,1,18,11.6188,0.4367
1701,2,32,10.8674,0.4047
1701,3,93,5.3919,0.1791
1701,4,40,3.7778,0.1255
1701,5,59,3.0514,0.1014
1712,1,65,5.5738,0.3032
1712,2,4,4.9238,0.1966
1712,3,18,4.4405,0.1778
1712,4,53,4.4148,0.1988
1712,5,2,4.1818,0.2866
1744,1,14,9.7228,0.4081
1744,2,8,6.3175,0.2868
1744,3,3,4.7209,0.2927
1744,4,77,4.3197,0.1813
1744,5,6,3.522,0.1848
1756,1,7,9.119,0.4093
1756,2,3,6.2166,0.2949
1756,3,19,4.8937,0.2066
1756,4,46,4.6514,0.1974
1756,5,24,4.4646,0.1885
1759,1,33,12.2637,0.5026
1759,2,79,6.8312,0.2821
1759,3,51,5.4387,0.196
1759,4,36,5.2933,0.1908
1759,5,11,5.2556,0.2888
1764,1,4,9.7885,0.4967
1764,2,26,5.8844,0.2799
1764,3,36,3.8654,0.1925
1764,4,35,3.831,0.188
1764,5,28,3.7584,0.2088
1765,1,23,6.0623,0.1974
1765,2,20,3.182,0.1036
1765,3,85,2.9717,0.0968
1765,4,17,2.9266,0.0953
1765,5,29,2.9266,0.0953
1767,1,2,16.9019,0.7116
1767,2,7,7.5885,0.3132
1767,3,63,7.0024,0.2878
1767,4,10,5.0741,0.2712
1767,5,24,4.4061,0.1886
1772,1,66,12.3366,0.5183
1772,2,4,12.1796,0.4934
1772,3,82,6.5195,0.2849
1772,4,15,5.1683,0.2094
1772,5,43,4.4009,0.2006
1792,1,30,9.8223,0.3761
1792,2,17,7.3149,0.2844
1792,3,56,3.9469,0.1436
1792,4,1,3.2253,0.1961
1792,5,2,2.8841,0.3342
1794,1,10,10.0955,0.467
1794,2,30,6.6044,0.2842
1794,3,3,5.9598,0.3094
1794,4,45,5.2051,0.21
1794,5,31,4.4783,0.1973
1802,1,15,9.345,0.4139
1802,2,7,3.7148,0.1938
1802,3,4,3.1123,0.2743
1802,4,30,2.5928,0.1842
1802,5,2,2.2765,0.095
1806,1,10,13.1482,0.6109
1806,2,34,6.5264,0.2795
1806,3,4,6.4703,0.3007
1806,4,17,5.5675,0.275
1806,5,37,2.7641,0.1184
1819,1,10,11.3096,0.5244
1819,2,17,5.4121,0.2201
1819,3,5,3.7242,0.3295
1819,4,31,2.9937,0.1218
1819,5,32,2.9562,0.2077
1827,1,18,13.8732,0.4891
1827,2,1,13.5875,0.5751
1827,3,73,5.5514,0.1957
1827,4,38,5.4514,0.1922
1827,5,85,5.3896,0.19
1837,1,14,15.557,0.5057
1837,2,19,10.45,0.3131
1837,3,22,6.3935,0.1916
1837,4,24,6.1905,0.2072
1837,5,26,4.5526,0.2015
1839,1,15,13.1504,0.5041
1839,2,20,12.6335,0.4626
1839,3,18,8.3609,0.3003
1839,4,2,6.9774,0.3791
1839,5,11,4.5983,0.2224
1842,1,6,8.6707,0.2651
1842,2,12,8.3886,0.2765
1842,3,13,6.0918,0.1732
1842,4,44,6.0666,0.1725
1842,5,69,4.0713,0.1158
1848,1,40,5.7788,0.2923
1848,2,16,5.0408,0.1903
1848,3,65,4.2294,0.1996
1848,4,12,4.0981,0.1934
1848,5,53,2.6339,0.0994
1871,1,29,6.2325,0.2122
1871,2,23,6.0622,0.2064
1871,3,49,5.0829,0.1934
1871,4,38,4.8174,0.205
1871,5,80,3.3665,0.1146
1873,1,6,8.4033,0.3174
1873,2,62,5.0755,0.1917
1873,3,44,4.672,0.1765
1873,4,21,4.595,0.217
1873,5,70,4.5921,0.1906
1876,1,4,10.3027,0.4112
1876,2,36,7.8798,0.3236
1876,3,35,7.2377,0.2951
1876,4,15,4.279,0.203
1876,5,20,3.2776,0.2226
1885,1,10,14.0767,0.7145
1885,2,17,6.1886,0.3209
1885,3,1,5.1538,0.2893
1885,4,65,4.8018,0.298
1885,5,85,4.2645,0.1915
1888,1,15,12.3699,0.4
1888,2,85,5.7345,0.2007
1888,3,64,5.508,0.1879
1888,4,60,5.1969,0.1796
1888,5,65,5.1009,0.1762
1895,1,14,7.1117,0.272
1895,2,46,5.6413,0.2018
1895,3,41,5.2737,0.2121
1895,4,1,5.2571,0.3961
1895,5,27,4.1032,0.1834
1898,1,25,8.4704,0.285
1898,2,44,6.2522,0.1956
1898,3,16,5.4893,0.1918
1898,4,13,5.4771,0.1903
1898,5,6,5.302,0.1849
1912,1,4,17.9794,0.8149
1912,2,26,9.1145,0.3891
1912,3,61,7.5014,0.3069
1912,4,67,4.5367,0.1856
1912,5,50,3.0091,0.1231
1913,1,4,13.7777,0.7119
1913,2,26,10.5017,0.6136
1913,3,5,5.0301,0.3055
1913,4,43,4.3372,0.2076
1913,5,33,4.0115,0.2184
1916,1,74,6.3585,0.1986
1916,2,34,6.1424,0.1919
1916,3,30,6.0674,0.1895
1916,4,42,6.03,0.2079
1916,5,56,5.678,0.1982
1938,1,2,7.9247,0.3517
1938,2,28,5.7359,0.2546
1938,3,3,4.8602,0.2481
1938,4,9,3.7975,0.1685
1938,5,4,3.7658,0.3561
1944,1,57,9.0996,0.3072
1944,2,42,3.0923,0.0977
1944,3,4,3.0559,0.0966
1944,4,45,3.0254,0.0956
1944,5,34,3.0203,0.0955
1945,1,32,8.6772,0.2978
1945,2,64,7.8593,0.2905
1945,3,29,5.8381,0.1877
1945,4,6,4.2371,0.1972
1945,5,23,2.9915,0.0962
1947,1,1,17.4351,0.8128
1947,2,15,7.7513,0.3917
1947,3,60,4.7559,0.2055
1947,4,23,4.3668,0.1887
1947,5,38,4.2528,0.2027
1982,1,43,8.3073,0.3021
1982,2,97,4.6836,0.1884
1982,3,67,4.326,0.1966
1982,4,33,4.2111,0.1914
1982,5,87,2.88,0.1047
1991,1,67,10.1852,0.3756
1991,2,5,7.3874,0.3952
1991,3,36,6.5398,0.2046
1991,4,51,6.2304,0.195
1991,5,61,5.7319,0.2026
2020,1,56,6.2502,0.2038
2020,2,31,5.6993,0.1858
2020,3,75,5.6145,0.1833
2020,4,74,3.4359,0.1009
2020,5,45,3.1304,0.092
2022,1,9,7.3003,0.2831
2022,2,8,7.264,0.3023
2022,3,25,5.8469,0.2122
2022,4,39,5.0161,0.1821
2022,5,72,2.9994,0.1089
2030,1,33,8.7038,0.2941
2030,2,82,5.3466,0.1844
2030,3,43,4.9419,0.1721
2030,4,67,4.675,0.1844
2030,5,1,3.8956,0.1865
2042,1,2,18.0661,0.7051
2042,2,46,6.0472,0.2106
2042,3,95,5.8871,0.205
2042,4,14,5.8858,0.205
2042,5,41,5.8086,0.2265
2044,1,4,18.5712,0.7129
2044,2,87,10.1143,0.3883
2044,3,36,7.3604,0.2825
2044,4,50,6.151,0.2361
2044,5,43,5.0956,0.2198
2051,1,41,6.0503,0.2031
2051,2,14,6.0202,0.202
2051,3,1,5.4138,0.2881
2051,4,52,3.8693,0.1154
2051,5,63,3.6166,0.1078
2071,1,15,8.1036,0.5106
2071,2,1,6.4187,0.3039
2071,3,33,5.3805,0.2726
2071,4,60,5.0415,0.2891
2071,5,26,4.283,0.1872
2072,1,11,7.6919,0.2922
2072,2,17,6.6702,0.2925
2072,3,37,4.3395,0.1829
2072,4,89,3.7624,0.1971
2072,5,42,2.9898,0.1136
2083,1,5,14.6553,0.5762
2083,2,8,7.2752,0.2835
2083,3,48,5.4876,0.1869
2083,4,39,5.3192,0.1993
2083,5,77,3.2082,0.1093
2085,1,7,19.8382,0.6962
2085,2,24,7.8336,0.2912
2085,3,1,5.3505,0.2888
2085,4,78,5.3196,0.1902
2085,5,47,3.1115,0.1001
2100,1,17,9.0104,0.4059
2100,2,11,7.0093,0.2878
2100,3,68,6.4618,0.2866
2100,4,58,5.5529,0.2131
2100,5,57,4.6548,0.1997
2133,1,57,8.6477,0.2938
2133,2,34,5.9515,0.1892
2133,3,74,5.5406,0.1943
2133,4,31,5.4584,0.1926
2133,5,26,3.4942,0.2843
2143,1,35,13.6402,0.5126
2143,2,36,6.7321,0.2229
2143,3,50,3.4493,0.1142
2143,4,23,3.1941,0.1057
2143,5,67,3.1941,0.1057
2148,1,68,5.6523,0.1931
2148,2,18,5.0742,0.1918
2148,3,11,5.0528,0.1926
2148,4,4,4.5528,0.3919
2148,5,30,2.9898,0.1021
2170,1,18,7.0259,0.1923
2170,2,36,6.5677,0.1798
2170,3,23,6.1428,0.1871
2170,4,64,5.6864,0.1946
2170,5,7,4.7875,0.1853
2207,1,2,20.2737,0.8104
2207,2,14,14.0059,0.5883
2207,3,24,4.7684,0.2088
2207,4,19,4.6403,0.1988
2207,5,41,3.1144,0.1217
2208,1,18,10.9727,0.407
2208,2,29,9.027,0.3032
2208,3,38,7.9357,0.2862
2208,4,73,6.2712,0.2107
2208,5,23,5.1025,0.1909
2213,1,15,9.4292,0.3982
2213,2,93,5.8894,0.199
2213,3,60,5.7696,0.1949
2213,4,18,5.553,0.2082
2213,5,83,5.1431,0.1937
2221,1,6,8.2813,0.3077
2221,2,7,3.3384,0.1889
2221,3,59,2.8574,0.0995
2221,4,70,2.8399,0.0989
2221,5,13,2.6351,0.0918
2252,1,15,11.0206,0.3903
2252,2,80,9.4009,0.3388
2252,3,29,5.7692,0.1939
2252,4,20,4.9728,0.1854
2252,5,3,3.1712,0.2164
2266,1,26,13.1179,0.4828
2266,2,66,5.4461,0.2107
2266,3,36,5.1981,0.1837
2266,4,87,5.0795,0.2015
2266,5,79,4.7694,0.1875
2268,1,24,8.8144,0.3016
2268,2,3,8.0969,0.2961
2268,3,46,6.1019,0.2088
2268,4,95,3.0428,0.1041
2268,5,52,2.7495,0.1176
2273,1,56,6.669,0.2086
2273,2,31,6.6566,0.2082
2273,3,75,6.0416,0.2071
2273,4,27,3.7122,0.1161
2273,5,45,3.3183,0.1038
2289,1,26,9.3825,0.3862
2289,2,35,7.5263,0.2918
2289,3,43,7.4985,0.2745
2289,4,90,5.3651,0.2136
2289,5,66,5.1675,0.2147
2292,1,2,15.3109,0.6065
2292,2,3,11.8052,0.5089
2292,3,63,4.6267,0.2058
2292,4,22,4.5197,0.1977
2292,5,24,3.7799,0.1872
2295,1,8,8.2562,0.2824
2295,2,44,7.3133,0.2156
2295,3,12,7.1188,0.2098
2295,4,69,6.3677,0.2128
2295,5,9,5.8639,0.1912
2304,1,10,11.8728,0.5012
2304,2,34,6.7783,0.3031
2304,3,31,5.0811,0.1969
2304,4,84,4.0525,0.1963
2304,5,3,3.5468,0.2989
2307,1,24,12.1377,0.3943
2307,2,63,3.1328,0.1144
2307,3,47,3.064,0.0895
2307,4,18,2.8119,0.2053
2307,5,5,2.792,0.2039
2310,1,1,14.1311,0.4823
2310,2,60,5.1652,0.1934
2310,3,32,4.4859,0.1914
2310,4,40,3.215,0.1097
2310,5,53,3.1593,0.1078
2323,1,20,11.04,0.3848
2323,2,38,9.5601,0.3967
2323,3,40,8.7481,0.2904
2323,4,15,8.1659,0.2887
2323,5,23,5.6795,0.1886
2331,1,11,15.0713,0.5855
2331,2,1,5.1039,0.1909
2331,3,84,4.977,0.2044
2331,4,37,4.7711,0.1963
2331,5,4,3.0342,0.19
2332,1,10,15.1055,0.6778
2332,2,17,8.6356,0.4264
2332,3,27,4.2168,0.2013
2332,4,75,3.918,0.2061
2332,5,56,2.8322,0.1192
2338,1,19,5.8336,0.3121
2338,2,3,5.4783,0.2905
2338,3,7,5.2542,0.2986
2338,4,22,4.0005,0.1997
2338,5,14,3.8061,0.19
2348,1,5,13.584,0.5907
2348,2,6,11.0875,0.5034
2348,3,25,4.6998,0.1971
2348,4,39,4.1257,0.1916
2348,5,30,3.7012,0.1924
2352,1,26,8.1838,0.3732
2352,2,33,7.1682,0.3878
2352,3,10,5.5506,0.2974
2352,4,30,4.765,0.3063
2352,5,43,4.7416,0.2052
2362,1,13,5.1688,0.2086
2362,2,9,4.6032,0.2075
2362,3,8,3.8967,0.1965
2362,4,2,3.5492,0.1994
2362,5,7,2.497,0.1008
2390,1,15,16.1746,0.6909
2390,2,1,9.7169,0.4311
2390,3,20,4.9259,0.2104
2390,4,10,3.9361,0.3317
2390,5,23,3.8569,0.1648
2401,1,35,9.55,0.2974
2401,2,50,9.3362,0.2908
2401,3,66,6.603,0.2056
2401,4,76,6.4584,0.2011
2401,5,81,6.3165,0.1967
2425,1,33,6.1451,0.3258
2425,2,7,5.2537,0.2228
2425,3,3,5.0366,0.2136
2425,4,90,4.5794,0.1942
2425,5,36,3.9725,0.1846
2440,1,1,6.3796,0.3213
2440,2,18,4.0948,0.2062
2440,3,6,3.8956,0.26
2440,4,5,3.4821,0.2439
2440,5,15,3.4584,0.197
2450,1,8,10.2595,0.3045
2450,2,16,9.7176,0.2924
2450,3,40,7.5836,0.2859
2450,4,13,6.5906,0.1838
2450,5,1,5.4354,0.1888
2462,1,33,14.4554,0.5085
2462,2,79,8.3709,0.2955
2462,3,51,6.5441,0.2014
2462,4,61,5.5051,0.1908
2462,5,43,5.2601,0.1787
2463,1,14,7.6061,0.3015
2463,2,24,6.2714,0.2142
2463,3,11,6.2257,0.2896
2463,4,100,6.2217,0.2125
2463,5,41,5.6662,0.1935
2469,1,80,7.2643,0.216
2469,2,29,6.0977,0.1813
2469,3,40,5.8286,0.1914
2469,4,93,3.6882,0.1097
2469,5,53,3.5277,0.1049
2503,1,1,11.4477,0.4095
2503,2,38,5.9771,0.2138
2503,3,53,5.3416,0.2095
2503,4,26,4.3045,0.2244
2503,5,87,3.4496,0.1234
2522,1,10,17.9465,0.7943
2522,2,27,8.7826,0.3986
2522,3,17,6.7771,0.3107
2522,4,57,4.3695,0.2133
2522,5,34,3.8994,0.1879
2555,1,26,14.1902,0.5893
2555,2,36,7.4655,0.2966
2555,3,33,7.4406,0.2968
2555,4,43,5.1357,0.1911
2555,5,66,5.0458,0.1878
2557,1,12,11.9521,0.5138
2557,2,6,11.4398,0.5158
2557,3,8,7.1701,0.2955
2557,4,16,6.5731,0.3117
2557,5,44,5.0545,0.2083
2558,1,2,4.893,0.2882
2558,2,8,3.395,0.1304
2558,3,70,3.2266,0.0991
2558,4,10,3.2228,0.3132
2558,5,44,3.1884,0.098
2559,1,35,5.1888,0.289
2559,2,50,4.291,0.2135
2559,3,51,3.6918,0.1808
2559,4,14,3.1511,0.2318
2559,5,2,2.7652,0.1723
2569,1,69,9.623,0.2805
2569,2,13,6.8537,0.1861
2569,3,16,6.8487,0.1859
2569,4,39,6.3584,0.1917
2569,5,12,6.1362,0.1844
2571,1,27,9.2283,0.3053
2571,2,57,8.8282,0.2921
2571,3,11,8.3718,0.2955
2571,4,34,6.014,0.199
2571,5,42,5.6052,0.204
2575,1,35,5.993,0.2015
2575,2,82,5.8581,0.2013
2575,3,79,5.8239,0.1964
2575,4,43,5.4245,0.2075
2575,5,3,5.3342,0.2075
2582,1,97,7.7011,0.3076
2582,2,43,7.4192,0.3021
2582,3,36,7.2154,0.2922
2582,4,35,7.0976,0.2863
2582,5,6,6.7188,0.3815
2592,1,18,11.9707,0.481
2592,2,20,9.8167,0.4
2592,3,15,6.3105,0.2817
2592,4,40,5.3913,0.2076
2592,5,53,4.8184,0.1856
2614,1,11,12.8668,0.4928
2614,2,30,8.4559,0.299
2614,3,31,7.7543,0.2742
2614,4,27,5.2852,0.1869
2614,5,2,3.4449,0.3046
2628,1,6,12.4547,0.4864
2628,2,13,8.664,0.3256
2628,3,16,4.7404,0.196
2628,4,8,4.4159,0.186
2628,5,88,3.7411,0.1758
2629,1,78,9.1562,0.3141
2629,2,19,8.2563,0.2841
2629,3,47,5.5056,0.1823
2629,4,43,3.5334,0.206
2629,5,55,3.0765,0.0916
2631,1,15,11.1616,0.4066
2631,2,18,10.8507,0.3945
2631,3,40,6.4542,0.2101
2631,4,3,6.0712,0.2182
2631,5,32,5.3755,0.1934
2634,1,17,8.2699,0.4212
2634,2,42,4.6669,0.2004
2634,3,34,4.1483,0.2
2634,4,11,3.7255,0.2
2634,5,27,2.2367,0.096
2647,1,10,14.4007,0.5959
2647,2,17,6.8769,0.3141
2647,3,34,6.5669,0.2819
2647,4,30,5.5717,0.2234
2647,5,45,4.3229,0.1935
2667,1,1,11.3301,0.4781
2667,2,18,8.283,0.35
2667,3,32,4.6259,0.1861
2667,4,42,4.4268,0.1781
2667,5,49,4.4027,0.1772
2673,1,14,6.5721,0.319
2673,2,6,3.8454,0.2074
2673,3,1,2.8693,0.1999
2673,4,2,2.1926,0.1064
2673,5,16,2.132,0.1035
2716,1,17,9.048,0.3884
2716,2,26,4.0061,0.3084
2716,3,6,3.0542,0.111
2716,4,30,2.8034,0.1019
2716,5,31,2.7083,0.0984
2720,1,33,12.4082,0.4975
2720,2,61,7.4763,0.2854
2720,3,36,7.1359,0.2911
2720,4,26,5.3723,0.19
2720,5,97,5.3723,0.19
2721,1,27,6.5243,0.203
2721,2,37,5.8352,0.2024
2721,3,58,3.1081,0.0967
2721,4,4,3.0203,0.094
2721,5,9,2.0041,0.1039
2725,1,4,15.709,0.6239
2725,2,61,10.1557,0.4124
2725,3,1,9.6771,0.4739
2725,4,33,7.1728,0.2912
2725,5,35,4.8012,0.2076
2728,1,17,14.007,0.4798
2728,2,5,7.2531,0.4015
2728,3,30,6.3516,0.2147
2728,4,57,6.2071,0.1867
2728,5,68,6.0847,0.2022
2735,1,1,11.0814,0.4177
2735,2,32,10.4259,0.3945
2735,3,4,5.9415,0.3945
2735,4,20,5.5128,0.1962
2735,5,29,5.279,0.1894
2741,1,26,11.0945,0.3861
2741,2,68,6.4918,0.2804
2741,3,76,4.5293,0.197
2741,4,10,4.0032,0.2043
2741,5,50,2.699,0.0939
2746,1,36,9.2344,0.3061
2746,2,66,8.5738,0.3029
2746,3,33,5.6278,0.2091
2746,4,90,5.4502,0.2023
2746,5,76,5.3475,0.1989
2750,1,17,9.6902,0.3012
2750,2,27,6.1435,0.1957
2750,3,5,5.44,0.2994
2750,4,69,3.9422,0.1904
2750,5,34,3.546,0.1022
2751,1,57,9.8853,0.3083
2751,2,42,6.5127,0.2147
2751,3,31,3.5287,0.1033
2751,4,56,3.1991,0.0937
2751,5,1,3.1509,0.2793
2755,1,6,11.4695,0.3933
2755,2,25,10.6748,0.3885
2755,3,96,3.0501,0.0945
2755,4,39,2.9459,0.0912
2755,5,69,2.8911,0.1119
2763,1,17,13.3551,0.4797
2763,2,27,12.1145,0.3799
2763,3,74,5.3834,0.1892
2763,4,31,4.0894,0.1282
2763,5,8,3.277,0.2075
2783,1,44,15.8895,0.4936
2783,2,39,6.6344,0.1979
2783,3,62,6.4551,0.1926
2783,4,69,5.9026,0.1957
2783,5,21,3.7339,0.1114
2791,1,36,5.4632,0.2106
2791,2,97,5.3899,0.1844
2791,3,1,5.2503,0.3076
2791,4,79,4.9502,0.1887
2791,5,74,2.8204,0.0965
2792,1,13,11.1091,0.4054
2792,2,21,8.8524,0.3051
2792,3,8,7.9658,0.3173
2792,4,16,4.9981,0.1912
2792,5,77,3.0539,0.1053
2796,1,14,10.5125,0.4015
2796,2,11,5.8229,0.2978
2796,3,78,5.3588,0.2041
2796,4,91,3.0499,0.1047
2796,5,26,3.0349,0.2081
2799,1,64,8.0337,0.2766
2799,2,33,5.7103,0.19
2799,3,18,5.6422,0.1866
2799,4,7,5.3699,0.1777
2799,5,26,5.001,0.3524
2804,1,5,20.4881,0.8091
2804,2,6,14.9937,0.6027
2804,3,13,8.299,0.3217
2804,4,25,7.9741,0.3151
2804,5,8,5.7269,0.2328
2805,1,4,13.3506,0.6023
2805,2,5,6.4594,0.2892
2805,3,26,5.2034,0.2164
2805,4,12,4.5321,0.1885
2805,5,1,2.2354,0.2325
2822,1,3,12.9684,0.5223
2822,2,14,9.6726,0.378
2822,3,22,5.3859,0.1993
2822,4,36,3.232,0.1196
2822,5,90,3.232,0.1196
2826,1,31,5.4227,0.1998
2826,2,26,3.7434,0.2072
2826,3,92,2.648,0.0975
2826,4,7,2.4433,0.09
2826,5,66,2.3761,0.1094
2828,1,17,4.3618,0.1886
2828,2,4,2.708,0.2088
2828,3,30,2.4154,0.0939
2828,4,34,2.4154,0.0939
2828,5,15,2.3789,0.0925
2840,1,50,10.8472,0.4355
2840,2,33,7.6303,0.2747
2840,3,43,7.5287,0.2898
2840,4,26,5.1276,0.1846
2840,5,35,4.8486,0.1959
2864,1,5,11.7666,0.5578
2864,2,6,9.9382,0.4874
2864,3,39,4.2285,0.2011
2864,4,12,4.1405,0.1775
2864,5,21,4.0696,0.1948
2866,1,1,6.3291,0.2911
2866,2,64,5.4748,0.2015
2866,3,8,5.1033,0.1878
2866,4,23,4.7432,0.1942
2866,5,15,4.7017,0.1924
2875,1,11,15.9076,0.6332
2875,2,17,8.5738,0.398
2875,3,34,5.4257,0.2015
2875,4,6,5.0283,0.206
2875,5,42,4.9635,0.2071
2876,1,43,8.5793,0.3891
2876,2,50,5.5119,0.2123
2876,3,35,5.0387,0.1941
2876,4,86,4.8952,0.2117
2876,5,99,4.5039,0.1927
2885,1,33,7.647,0.3138
2885,2,15,7.0643,0.3116
2885,3,97,5.632,0.1995
2885,4,35,5.0739,0.1995
2885,5,43,4.9997,0.1962
2905,1,32,2.6711,0.1062
2905,2,73,2.5967,0.1033
2905,3,18,2.5574,0.1017
2905,4,20,2.4117,0.0959
2905,5,29,2.4117,0.0959
2907,1,11,11.4716,0.479
2907,2,5,5.5416,0.2777
2907,3,68,4.9825,0.2041
2907,4,56,4.8891,0.1807
2907,5,4,3.4761,0.1883
2924,1,23,8.9558,0.3111
2924,2,83,4.6717,0.2028
2924,3,20,3.2995,0.1146
2924,4,32,3.2995,0.1146
2924,5,40,2.9906,0.1039
2926,1,18,10.3708,0.3595
2926,2,26,6.3411,0.4213
2926,3,4,4.732,0.4034
2926,4,64,4.5735,0.1754
2926,5,20,4.5475,0.197
2936,1,5,13.3788,0.6742
2936,2,12,8.853,0.4148
2936,3,13,6.8977,0.287
2936,4,39,4.5171,0.188
2936,5,25,4.2545,0.2003
2939,1,15,10.1745,0.4274
2939,2,5,5.7747,0.2872
2939,3,2,5.6454,0.2257
2939,4,95,3.4766,0.1986
2939,5,6,2.5426,0.1017
2949,1,35,10.2169,0.3959
2949,2,86,5.6985,0.1994
2949,3,76,5.1407,0.1995
2949,4,10,3.7629,0.1907
2949,5,1,3.3781,0.1921
2955,1,69,9.7367,0.2789
2955,2,16,7.0581,0.1888
2955,3,13,7.0054,0.1874
2955,4,39,6.2559,0.1862
2955,5,12,6.2133,0.1842
2961,1,22,6.5318,0.2685
2961,2,3,4.9888,0.2263
2961,3,7,4.3999,0.1994
2961,4,28,4.3502,0.1964
2961,5,24,4.2842,0.1761
2973,1,36,5.4707,0.2052
2973,2,18,5.3034,0.1981
2973,3,67,2.9723,0.1006
2973,4,35,2.8117,0.0951
2973,5,23,2.7691,0.0937
2990,1,1,17.6213,0.6812
2990,2,18,11.8145,0.4816
2990,3,38,9.6464,0.3834
2990,4,40,7.7219,0.2905
2990,5,20,7.6607,0.3079
2998,1,82,6.2838,0.2927
2998,2,43,5.0048,0.2009
2998,3,33,4.2333,0.1878
2998,4,23,2.4638,0.0989
2998,5,36,2.2572,0.0906
3001,1,8,18.2139,0.6405
3001,2,6,14.6565,0.492
3001,3,16,7.8728,0.2782
3001,4,9,5.046,0.1736
3001,5,25,5.044,0.1735
3005,1,18,8.7772,0.4035
3005,2,1,6.1363,0.2885
3005,3,14,5.4604,0.3015
3005,4,49,4.9008,0.2135
3005,5,73,4.1299,0.2011
3006,1,56,6.4628,0.201
3006,2,84,6.129,0.1906
3006,3,30,6.0045,0.1868
3006,4,11,5.7809,0.1995
3006,5,26,5.0448,0.1931
3016,1,5,13.457,0.6924
3016,2,9,7.4698,0.3815
3016,3,8,7.1732,0.4054
3016,4,39,5.7118,0.2779
3016,5,21,5.1962,0.2902
3020,1,20,8.8774,0.3116
3020,2,64,5.6722,0.1912
3020,3,49,5.3217,0.2025
3020,4,60,3.5277,0.1074
3020,5,93,3.4571,0.1053
3030,1,1,9.4414,0.4888
3030,2,15,8.4595,0.407
3030,3,85,4.7684,0.207
3030,4,20,4.7655,0.2068
3030,5,29,4.1376,0.1992
3032,1,26,20.1775,0.794
3032,2,33,7.362,0.2957
3032,3,97,7.3613,0.2957
3032,4,43,7.1791,0.3093
3032,5,87,5.2806,0.1977
3036,1,1,8.8165,0.4244
3036,2,20,7.3341,0.316
3036,3,15,6.4024,0.3174
3036,4,30,6.3306,0.3895
3036,5,5,5.9397,0.4016
3044,1,6,8.4609,0.2655
3044,2,16,6.2421,0.183
3044,3,11,4.0266,0.2929
3044,4,77,3.7129,0.1089
3044,5,88,3.4671,0.1017
3046,1,2,17.28,0.711
3046,2,3,16.0852,0.7235
3046,3,78,9.0728,0.4048
3046,4,28,4.4092,0.1947
3046,5,5,3.4739,0.4025
3057,1,3,19.1893,0.5782
3057,2,19,6.5139,0.1897
3057,3,78,5.5801,0.1809
3057,4,24,5.0247,0.1829
3057,5,47,3.4746,0.1012
3059,1,18,10.2372,0.3803
3059,2,23,4.9353,0.1834
3059,3,32,4.7583,0.1951
3059,4,10,4.7203,0.3904
3059,5,36,3.4783,0.1292
3086,1,31,7.6901,0.311
3086,2,34,5.5896,0.1948
3086,3,56,5.3385,0.1861
3086,4,37,5.2989,0.2033
3086,5,89,2.7408,0.0955
3136,1,26,13.5093,0.5056
3136,2,50,7.4547,0.2858
3136,3,35,5.2197,0.1868
3136,4,79,5.0759,0.1996
3136,5,51,5.0755,0.2037
3139,1,4,15.3046,0.6949
3139,2,36,9.8458,0.403
3139,3,97,7.3308,0.3066
3139,4,11,5.8135,0.3086
3139,5,67,4.9858,0.1942
3145,1,11,6.4069,0.3807
3145,2,10,5.3985,0.276
3145,3,58,3.9432,0.1874
3145,4,27,3.8965,0.1852
3145,5,8,3.6684,0.1959
3152,1,1,7.0651,0.3588
3152,2,29,5.4932,0.2829
3152,3,5,5.2337,0.3718
3152,4,15,5.1248,0.2835
3152,5,20,4.5058,0.2487
3157,1,1,8.1472,0.4919
3157,2,15,5.3552,0.3622
3157,3,11,5.3436,0.4025
3157,4,10,5.0098,0.387
3157,5,20,3.7098,0.2159
3162,1,6,10.9589,0.5079
3162,2,12,6.5257,0.2805
3162,3,44,6.2355,0.2873
3162,4,72,3.9682,0.1899
3162,5,9,3.6814,0.1755
3166,1,4,16.8366,0.7424
3166,2,35,7.9738,0.3541
3166,3,36,4.8024,0.1993
3166,4,61,4.3503,0.2037
3166,5,10,3.6886,0.1698
3169,1,15,20.9922,0.81
3169,2,32,7.932,0.3144
3169,3,60,5.3426,0.1834
3169,4,20,5.247,0.1992
3169,5,38,4.8353,0.1838
3171,1,11,18.5807,0.7752
3171,2,17,10.8093,0.4435
3171,3,31,5.0576,0.1908
3171,4,37,4.7427,0.1789
3171,5,57,4.6642,0.176
3172,1,6,7.977,0.3913
3172,2,8,7.8103,0.4043
3172,3,9,5.6419,0.3016
3172,4,16,4.0964,0.1911
3172,5,88,3.8901,0.2006
3174,1,51,6.6468,0.2083
3174,2,50,6.0722,0.1903
3174,3,6,5.588,0.3047
3174,4,67,5.0671,0.1763
3174,5,66,3.7957,0.119
3175,1,6,4.7171,0.1746
3175,2,12,4.1964,0.1721
3175,3,46,4.1238,0.2458
3175,4,8,3.5102,0.1299
3175,5,11,3.312,0.1965
3185,1,11,10.4535,0.4841
3185,2,10,8.9832,0.4147
3185,3,34,8.8517,0.3821
3185,4,1,5.6524,0.2728
3185,5,6,5.3308,0.2993
3187,1,2,7.5077,0.3437
3187,2,14,6.9172,0.2914
3187,3,3,6.5284,0.3437
3187,4,78,4.2448,0.1977
3187,5,6,3.431,0.2086
3193,1,15,12.9682,0.4662
3193,2,53,9.0067,0.3256
3193,3,29,6.2069,0.2058
3193,4,23,5.1662,0.1713
3193,5,3,2.7843,0.1817
3211,1,50,5.4098,0.1953
3211,2,43,5.3023,0.214
3211,3,36,5.2545,0.2123
3211,4,90,5.1204,0.1849
3211,5,33,4.9217,0.1966
3231,1,26,14.4122,0.5116
3231,2,50,13.0416,0.4863
3231,3,99,5.0109,0.1921
3231,4,6,4.3009,0.2062
3231,5,35,2.9128,0.0997
3253,1,18,8.4493,0.3891
3253,2,1,8.2508,0.4067
3253,3,32,4.6484,0.1937
3253,4,20,3.9981,0.1848
3253,5,19,3.1386,0.19
3266,1,15,11.1825,0.3825
3266,2,53,8.8071,0.305
3266,3,29,5.9069,0.1926
3266,4,64,4.4324,0.1806
3266,5,10,4.2931,0.1982
3276,1,4,8.2924,0.4652
3276,2,26,5.2708,0.2646
3276,3,82,2.917,0.1711
3276,4,31,2.7472,0.1852
3276,5,3,2.4719,0.116
3277,1,1,10.6675,0.3761
3277,2,73,9.6135,0.3043
3277,3,23,6.0963,0.193
3277,4,20,5.7387,0.1816
3277,5,40,5.1378,0.1811
3278,1,20,4.8674,0.1914
3278,2,10,4.7463,0.1866
3278,3,3,4.1287,0.2022
3278,4,18,3.0027,0.1181
3278,5,32,2.5355,0.0997
3281,1,14,9.4882,0.3961
3281,2,24,6.4203,0.2938
3281,3,41,5.2089,0.207
3281,4,19,4.6703,0.2052
3281,5,5,3.9894,0.2953
3282,1,2,15.0365,0.6576
3282,2,22,7.4498,0.2803
3282,3,19,5.2374,0.1971
3282,4,8,5.0944,0.3682
3282,5,14,4.8662,0.1831
3286,1,14,5.7687,0.2922
3286,2,24,4.9953,0.1832
3286,3,64,4.7457,0.1746
3286,4,23,4.7369,0.1743
3286,5,4,3.5665,0.1953
3308,1,17,5.0688,0.1963
3308,2,27,4.922,0.188
3308,3,4,4.2867,0.1861
3308,4,5,3.7915,0.194
3308,5,79,2.9701,0.1027
3324,1,26,13.4152,0.5786
3324,2,33,10.6876,0.4949
3324,3,90,4.9913,0.195
3324,4,61,4.8876,0.2152
3324,5,2,4.295,0.186
3334,1,60,9.0516,0.3363
3334,2,18,7.8036,0.3173
3334,3,64,5.7741,0.2339
3334,4,15,4.4887,0.1872
3334,5,10,3.2881,0.2316
3336,1,30,6.3544,0.1987
3336,2,84,4.9461,0.1933
3336,3,50,3.334,0.1042
3336,4,74,3.0559,0.0956
3336,5,94,3.0559,0.0956
3350,1,8,7.1438,0.2935
3350,2,25,5.5743,0.1832
3350,3,39,4.5705,0.1878
3350,4,26,4.0329,0.2944
3350,5,3,3.4862,0.1958
3370,1,25,6.591,0.1933
3370,2,16,5.8451,0.1905
3370,3,10,3.2934,0.1933
3370,4,48,3.2609,0.0956
3370,5,62,3.2364,0.0949
3401,1,50,4.6536,0.274
3401,2,6,4.0108,0.3726
3401,3,1,3.6975,0.2631
3401,4,40,3.6578,0.1977
3401,5,20,3.1094,0.1861
3404,1,7,9.1111,0.2833
3404,2,19,6.5565,0.1904
3404,3,14,4.228,0.1228
3404,4,47,3.81,0.1107
3404,5,95,3.2843,0.0954
3422,1,34,11.4109,0.3883
3422,2,17,7.6195,0.2842
3422,3,74,3.1818,0.1028
3422,4,5,3.0833,0.2003
3422,5,31,2.9668,0.0959
3430,1,2,19.2576,0.6893
3430,2,3,10.3307,0.3656
3430,3,6,5.5104,0.2098
3430,4,13,2.8756,0.1211
3430,5,100,2.8724,0.0967
3444,1,14,7.1881,0.2928
3444,2,24,4.806,0.1822
3444,3,7,4.4529,0.1891
3444,4,52,2.8248,0.1071
3444,5,19,2.5493,0.0966
3452,1,18,16.2385,0.5915
3452,2,15,13.0255,0.4815
3452,3,29,10.544,0.3605
3452,4,53,6.0088,0.2054
3452,5,49,5.8002,0.1983
3457,1,92,6.9256,0.2079
3457,2,31,5.7426,0.1924
3457,3,27,5.3703,0.2015
3457,4,26,4.5659,0.3002
3457,5,30,3.6482,0.1095
3460,1,35,10.7481,0.3978
3460,2,5,4.5718,0.3185
3460,3,23,3.9511,0.2258
3460,4,10,3.6268,0.4028
3460,5,87,3.5948,0.1189
3465,1,11,6.8798,0.2878
3465,2,8,6.3797,0.2851
3465,3,17,5.966,0.288
3465,4,5,4.0113,0.186
3465,5,1,2.9422,0.1231
3478,1,30,6.8336,0.2053
3478,2,4,3.5417,0.1064
3478,3,34,3.3401,0.1003
3478,4,74,3.198,0.0961
3478,5,94,3.198,0.0961
3489,1,14,6.9896,0.2921
3489,2,19,4.8718,0.1949
3489,3,78,4.3483,0.1971
3489,4,5,3.9383,0.4037
3489,5,33,3.1311,0.2161
3500,1,8,11.1308,0.4011
3500,2,25,9.9394,0.303
3500,3,39,6.4123,0.1955
3500,4,72,5.6606,0.1926
3500,5,62,3.6139,0.1102
3519,1,30,3.9394,0.2004
3519,2,9,3.2369,0.0988
3519,3,21,3.2369,0.0988
3519,4,25,3.2369,0.0988
3519,5,69,3.1277,0.0955
3525,1,15,11.6929,0.4184
3525,2,18,8.6917,0.2952
3525,3,32,5.6958,0.1935
3525,4,20,5.3972,0.1833
3525,5,83,5.006,0.19
3533,1,12,10.4657,0.3594
3533,2,6,7.4247,0.264
3533,3,13,5.5555,0.1709
3533,4,44,5.5325,0.1702
3533,5,69,3.7129,0.1142
3542,1,5,8.6607,0.3655
3542,2,67,5.159,0.2124
3542,3,69,4.98,0.204
3542,4,26,4.0979,0.1927
3542,5,62,3.2097,0.1207
3553,1,3,5.2473,0.2729
3553,2,34,4.659,0.2107
3553,3,22,4.4474,0.2011
3553,4,54,4.4474,0.2011
3553,5,7,3.9374,0.1781
3569,1,26,6.0067,0.2785
3569,2,23,4.5274,0.1761
3569,3,60,3.4496,0.1206
3569,4,6,3.3969,0.297
3569,5,53,2.9138,0.1974
3571,1,5,10.069,0.4617
3571,2,26,4.0257,0.1805
3571,3,87,3.2097,0.1292
3571,4,16,2.4582,0.099
3571,5,1,2.3256,0.2802
3573,1,3,6.4038,0.3561
3573,2,2,6.2771,0.3578
3573,3,11,6.1016,0.4044
3573,4,17,5.8776,0.3033
3573,5,14,5.008,0.2639
3577,1,19,10.3365,0.2884
3577,2,46,6.5231,0.189
3577,3,10,3.773,0.2159
3577,4,41,3.6189,0.0943
3577,5,18,3.12,0.2033
3584,1,9,16.8512,0.4979
3584,2,6,7.1842,0.2265
3584,3,69,6.1015,0.1912
3584,4,12,5.5147,0.1734
3584,5,37,4.1841,0.2057
3590,1,26,6.9577,0.4119
3590,2,50,5.7911,0.287
3590,3,82,3.8673,0.1856
3590,4,74,3.0296,0.1864
3590,5,31,2.8364,0.197
3591,1,6,15.6136,0.5744
3591,2,39,11.1873,0.4043
3591,3,12,10.2669,0.4197
3591,4,8,10.1093,0.4128
3591,5,44,6.7943,0.2338
3639,1,26,5.878,0.3041
3639,2,35,5.341,0.2024
3639,3,33,5.0946,0.193
3639,4,12,4.4762,0.1874
3639,5,9,2.7968,0.106
3655,1,27,11.8688,0.3907
3655,2,34,8.9268,0.2938
3655,3,56,6.0069,0.1977
3655,4,45,5.854,0.2153
3655,5,31,5.4812,0.2009
3656,1,26,9.2144,0.3239
3656,2,50,8.202,0.3109
3656,3,66,5.3856,0.1893
3656,4,82,5.057,0.196
3656,5,35,4.9786,0.1959
3672,1,11,3.8389,0.2056
3672,2,5,3.5454,0.4656
3672,3,31,2.8781,0.2014
3672,4,43,2.4433,0.1161
3672,5,46,2.3819,0.1132
3689,1,60,6.9503,0.1945
3689,2,32,5.9763,0.2091
3689,3,64,5.6978,0.1993
3689,4,53,3.946,0.1104
3689,5,4,3.8691,0.2182
3704,1,20,14.7166,0.5852
3704,2,15,11.9284,0.4847
3704,3,38,9.5536,0.3798
3704,4,2,4.9962,0.4266
3704,5,66,3.3113,0.2012
3706,1,14,9.191,0.4124
3706,2,3,7.8923,0.3282
3706,3,24,7.6522,0.3026
3706,4,11,5.6395,0.3232
3706,5,28,5.5944,0.2426
3712,1,26,15.9473,0.5812
3712,2,35,10.4352,0.3726
3712,3,67,5.2531,0.1777
3712,4,79,4.9492,0.187
3712,5,43,4.3048,0.182
3721,1,10,5.6746,0.2757
3721,2,74,4.5929,0.1924
3721,3,45,4.305,0.1987
3721,4,1,3.736,0.3035
3721,5,8,2.5959,0.1821
3732,1,3,7.4089,0.2952
3732,2,27,4.2462,0.1692
3732,3,14,3.5963,0.1791
3732,4,1,3.4241,0.2718
3732,5,58,3.0848,0.1229
3745,1,22,7.1088,0.2942
3745,2,2,6.1311,0.2987
3745,3,41,6.0008,0.2339
3745,4,14,5.0126,0.1954
3745,5,46,5.0126,0.1954
3757,1,7,6.8588,0.2881
3757,2,3,6.4866,0.3158
3757,3,8,6.3246,0.2829
3757,4,9,4.635,0.1947
3757,5,16,4.1414,0.196
3769,1,9,5.7474,0.2058
3769,2,13,5.7424,0.2027
3769,3,8,5.0709,0.2013
3769,4,12,4.7051,0.1868
3769,5,39,4.6291,0.1838
3779,1,10,8.4718,0.4997
3779,2,6,3.3085,0.203
3779,3,2,2.6839,0.214
3779,4,42,2.3819,0.1052
3779,5,9,2.1607,0.1193
3786,1,26,12.8757,0.5079
3786,2,50,7.7473,0.2994
3786,3,43,7.3304,0.3052
3786,4,86,7.0282,0.2944
3786,5,35,5.4534,0.1972
3787,1,10,20.3051,0.7161
3787,2,34,5.9437,0.2131
3787,3,45,5.3348,0.172
3787,4,27,5.1336,0.1853
3787,5,37,4.9987,0.2015
3808,1,15,14.9646,0.576
3808,2,18,11.0691,0.3936
3808,3,93,6.4169,0.2052
3808,4,60,6.362,0.2034
3808,5,83,5.8224,0.2085
3817,1,1,5.8011,0.3715
3817,2,2,5.2314,0.2763
3817,3,59,5.1541,0.2006
3817,4,20,4.7515,0.185
3817,5,6,2.7855,0.1848
3831,1,39,8.2414,0.2762
3831,2,13,6.5172,0.1889
3831,3,69,6.0098,0.1933
3831,4,1,5.4408,0.2002
3831,5,8,5.4347,0.1969
3859,1,30,6.4737,0.1972
3859,2,94,6.2836,0.2113
3859,3,31,3.0848,0.094
3859,4,89,2.812,0.0856
3859,5,27,2.7111,0.1032
3864,1,20,9.9254,0.3012
3864,2,32,6.5778,0.2224
3864,3,2,6.21,0.28
3864,4,80,4.986,0.1892
3864,5,60,4.9831,0.1891
3876,1,11,11.0399,0.4948
3876,2,57,6.4882,0.2908
3876,3,98,4.4542,0.1996
3876,4,68,4.4248,0.1983
3876,5,27,4.294,0.1925
3897,1,26,5.672,0.2966
3897,2,35,4.9994,0.2163
3897,3,86,4.868,0.1873
3897,4,61,2.9217,0.1124
3897,5,66,2.9217,0.1124
3902,1,17,7.4099,0.2888
3902,2,56,5.7811,0.1952
3902,3,30,5.7418,0.1938
3902,4,74,5.2967,0.1987
3902,5,98,3.0542,0.1031
3910,1,57,5.3668,0.2018
3910,2,45,4.0876,0.1921
3910,3,18,2.8868,0.1085
3910,4,65,2.8868,0.1085
3910,5,38,2.7812,0.1046
3931,1,6,8.9312,0.3895
3931,2,9,7.1949,0.3012
3931,3,16,2.8574,0.1119
3931,4,12,2.6356,0.1033
3931,5,32,2.5753,0.1009
3940,1,34,10.9483,0.2999
3940,2,17,6.3469,0.1929
3940,3,2,4.0645,0.1884
3940,4,58,4.0048,0.1097
3940,5,31,3.596,0.0985
3962,1,6,20.9188,0.8071
3962,2,12,18.3079,0.6779
3962,3,9,10.424,0.3713
3962,4,8,7.0068,0.2729
3962,5,16,5.0986,0.1912
3965,1,9,9.4123,0.2876
3965,2,72,5.7247,0.2056
3965,3,8,5.7167,0.1838
3965,4,69,5.4442,0.1955
3965,5,16,5.3812,0.1718
3973,1,2,15.2338,0.6864
3973,2,14,7.4962,0.3008
3973,3,28,7.0097,0.2974
3973,4,10,4.7972,0.2178
3973,5,19,4.167,0.1855
3983,1,8,9.1013,0.2907
3983,2,16,6.03,0.1849
3983,3,39,5.7349,0.1978
3983,4,23,3.8934,0.1074
3983,5,62,3.3481,0.0924
3987,1,29,9.3451,0.2899
3987,2,40,9.3395,0.2897
3987,3,18,8.7519,0.3168
3987,4,20,8.6893,0.2866
3987,5,64,5.0098,0.1725
3988,1,12,10.8138,0.4151
3988,2,9,9.8523,0.4199
3988,3,6,9.7574,0.3955
3988,4,13,7.0654,0.2922
3988,5,69,6.9602,0.2879
4024,1,3,20.8632,0.6046
4024,2,24,12.7926,0.3855
4024,3,5,7.6211,0.2995
4024,4,78,6.3636,0.1913
4024,5,47,6.2113,0.1866
4027,1,15,13.7266,0.4573
4027,2,29,9.3783,0.2991
4027,3,20,8.8566,0.3011
4027,4,64,7.9662,0.2943
4027,5,60,6.31,0.2012
4032,1,1,8.1398,0.3898
4032,2,8,7.8244,0.2743
4032,3,16,4.7934,0.1872
4032,4,7,4.057,0.1761
4032,5,18,3.0205,0.1793
4059,1,25,11.4189,0.3919
4059,2,13,8.6129,0.3012
4059,3,8,8.1854,0.286
4059,4,16,7.4771,0.281
4059,5,21,5.6312,0.2042
4063,1,19,12.6608,0.3725
4063,2,46,6.493,0.1904
4063,3,43,3.9727,0.2064
4063,4,55,3.5115,0.093
4063,5,18,3.0941,0.2049
4100,1,11,13.0628,0.4785
4100,2,56,5.7669,0.2036
4100,3,3,4.8379,0.2934
4100,4,37,4.7698,0.1856
4100,5,31,3.3052,0.1167
4104,1,1,12.7844,0.49
4104,2,32,9.3247,0.3719
4104,3,59,5.7715,0.1953
4104,4,53,5.3407,0.2259
4104,5,73,5.0374,0.1906
4105,1,14,23.8427,0.7
4105,2,78,9.1489,0.3012
4105,3,41,3.5971,0.1025
4105,4,46,3.1837,0.0908
4105,5,18,3.0062,0.2142
4108,1,26,6.8676,0.2911
4108,2,50,4.9719,0.1959
4108,3,1,4.8477,0.286
4108,4,11,4.6924,0.1849
4108,5,35,4.3346,0.1888
4112,1,78,10.0407,0.302
4112,2,24,9.0829,0.2942
4112,3,47,3.6508,0.0946
4112,4,41,3.527,0.0914
4112,5,63,3.3808,0.1095
4113,1,3,9.9106,0.3774
4113,2,100,8.7513,0.2995
4113,3,7,6.809,0.2912
4113,4,28,5.97,0.229
4113,5,46,3.6093,0.1235
4126,1,14,10.6259,0.4423
4126,2,100,5.6828,0.2104
4126,3,17,5.0084,0.3302
4126,4,3,4.8965,0.1981
4126,5,7,4.6712,0.1952
4133,1,4,16.8728,0.8101
4133,2,35,6.5056,0.3321
4133,3,86,4.5555,0.2005
4133,4,26,4.2291,0.1861
4133,5,1,4.1327,0.2919
4145,1,22,9.4369,0.4193
4145,2,3,5.9313,0.2962
4145,3,28,4.9729,0.2004
4145,4,100,4.8532,0.1955
4145,5,14,4.5407,0.2031
4152,1,1,9.8703,0.4794
4152,2,14,6.0902,0.4063
4152,3,53,5.3929,0.2795
4152,4,2,4.9764,0.2988
4152,5,18,4.1847,0.1881
4155,1,2,6.3414,0.3074
4155,2,9,4.4157,0.2
4155,3,6,3.9612,0.1795
4155,4,12,3.6857,0.185
4155,5,4,2.6836,0.2926
4198,1,13,7.1036,0.2946
4198,2,9,6.0966,0.2023
4198,3,48,5.8851,0.1953
4198,4,7,3.853,0.2074
4198,5,21,3.0034,0.0997
4241,1,5,14.2068,0.4978
4241,2,21,6.2645,0.2117
4241,3,12,5.7551,0.213
4241,4,39,4.9539,0.1862
4241,5,69,4.7642,0.1793
4242,1,20,14.2359,0.5259
4242,2,15,11.2027,0.4745
4242,3,18,10.1241,0.3796
4242,4,93,5.6112,0.1996
4242,5,17,5.3177,0.1892
4264,1,14,13.7774,0.481
4264,2,3,13.7302,0.52
4264,3,7,12.8389,0.4924
4264,4,46,7.5175,0.2702
4264,5,22,5.5863,0.1871
4268,1,4,6.6491,0.2808
4268,2,23,6.5361,0.2036
4268,3,33,3.4288,0.0965
4268,4,87,3.4288,0.0965
4268,5,11,3.39,0.1929
4271,1,14,15.6509,0.4715
4271,2,7,15.0598,0.4962
4271,3,78,5.8608,0.1969
4271,4,19,5.7993,0.1969
4271,5,1,3.5707,0.1764
4273,1,47,9.9848,0.2991
4273,2,14,8.9341,0.2866
4273,3,7,8.282,0.2856
4273,4,22,6.2057,0.2067
4273,5,24,6.1329,0.2022
4274,1,11,5.9484,0.2796
4274,2,8,5.4046,0.208
4274,3,9,4.0566,0.1992
4274,4,13,3.2757,0.1134
4274,5,45,3.0189,0.1045
4285,1,11,17.0033,0.6714
4285,2,57,7.4694,0.3011
4285,3,34,4.5411,0.188
4285,4,75,4.4097,0.183
4285,5,99,2.4605,0.1147
4286,1,85,4.4036,0.1934
4286,2,18,4.0305,0.1769
4286,3,2,2.8681,0.1128
4286,4,20,2.5773,0.1014
4286,5,29,2.5773,0.1014
4296,1,21,5.5471,0.284
4296,2,5,5.5077,0.3059
4296,3,3,5.0417,0.2989
4296,4,2,4.5715,0.292
4296,5,62,4.2874,0.2053
4298,1,50,7.9216,0.3003
4298,2,82,7.825,0.3003
4298,3,33,7.7218,0.2941
4298,4,90,4.9323,0.1964
4298,5,67,4.8725,0.1937
4307,1,33,10.848,0.3951
4307,2,67,8.5092,0.3008
4307,3,81,6.4577,0.2
4307,4,66,6.0524,0.1874
4307,5,36,5.2679,0.1809
4326,1,1,5.4369,0.28
4326,2,14,5.249,0.2187
4326,3,47,4.8953,0.1865
4326,4,22,4.3401,0.1838
4326,5,20,3.6851,0.2132
4329,1,14,13.9414,0.6257
4329,2,7,9.7603,0.4804
4329,3,3,7.1501,0.3855
4329,4,5,4.3466,0.3055
4329,5,24,3.4593,0.1865
4334,1,4,11.9151,0.5708
4334,2,33,8.192,0.4314
4334,3,35,5.2527,0.2663
4334,4,26,5.0093,0.24
4334,5,10,3.6406,0.352
4345,1,6,14.0965,0.4963
4345,2,8,11.063,0.4869
4345,3,9,7.7701,0.317
4345,4,13,5.7295,0.2017
4345,5,12,5.1423,0.1993
4367,1,10,8.1741,0.3011
4367,2,33,7.5445,0.2993
4367,3,97,7.1168,0.2828
4367,4,31,4.2714,0.1967
4367,5,56,3.4254,0.211
4372,1,33,13.511,0.4742
4372,2,26,8.1772,0.2709
4372,3,82,8.1262,0.2693
4372,4,51,5.6612,0.1756
4372,5,17,3.2029,0.1652
4377,1,4,10.0771,0.4292
4377,2,35,8.3909,0.3574
4377,3,26,6.9598,0.2964
4377,4,51,5.3935,0.2297
4377,5,66,4.7525,0.2334
4395,1,8,11.0507,0.3865
4395,2,44,9.2957,0.2941
4395,3,12,8.5214,0.2888
4395,4,9,5.9365,0.1878
4395,5,72,5.5999,0.1955
4434,1,7,17.327,0.6263
4434,2,24,6.2084,0.233
4434,3,19,5.2739,0.1974
4434,4,46,5.0451,0.1897
4434,5,31,3.0123,0.1015
4436,1,69,7.052,0.2013
4436,2,9,6.0473,0.1921
4436,3,12,3.686,0.1052
4436,4,48,3.686,0.1052
4436,5,72,3.4323,0.098
4444,1,12,9.5276,0.4628
4444,2,2,8.6513,0.5051
4444,3,6,6.5213,0.2782
4444,4,7,4.7587,0.2229
4444,5,28,4.4439,0.1896
4456,1,24,9.1928,0.2946
4456,2,78,8.9752,0.2862
4456,3,19,7.0884,0.1962
4456,4,52,3.5258,0.0976
4456,5,22,3.0179,0.1044
4458,1,26,8.1707,0.4246
4458,2,36,7.9547,0.3146
4458,3,33,7.4646,0.2952
4458,4,67,7.0538,0.2971
4458,5,66,5.1312,0.2239
4462,1,5,15.4825,0.6218
4462,2,6,10.9347,0.3924
4462,3,13,10.8755,0.4113
4462,4,21,4.8671,0.2183
4462,5,11,3.8511,0.2001
4465,1,26,13.8998,0.4797
4465,2,99,6.8523,0.2268
4465,3,3,4.9851,0.2092
4465,4,12,3.9393,0.1853
4465,5,31,3.7996,0.18
4466,1,10,15.65,0.8754
4466,2,11,5.7522,0.3009
4466,3,1,3.8327,0.2005
4466,4,17,2.791,0.1825
4466,5,58,2.0078,0.105
4469,1,18,8.6506,0.3028
4469,2,4,6.8451,0.3753
4469,3,59,5.8279,0.1908
4469,4,65,5.1174,0.1862
4469,5,20,2.9915,0.0979
4482,1,17,8.0677,0.4403
4482,2,2,7.4521,0.4596
4482,3,10,3.7022,0.2139
4482,4,7,3.4093,0.1771
4482,5,11,3.2945,0.2139
4503,1,5,20.7938,0.8137
4503,2,9,12.6967,0.4578
4503,3,13,10.3238,0.4047
4503,4,8,7.1211,0.2707
4503,5,48,5.7686,0.1906
4509,1,3,15.3342,0.6033
4509,2,5,8.5222,0.3797
4509,3,19,7.5275,0.2865
4509,4,24,5.5249,0.2183
4509,5,52,4.7975,0.1896
4520,1,18,7.0233,0.1932
4520,2,36,6.5405,0.1799
4520,3,23,6.1136,0.1868
4520,4,64,5.6056,0.1928
4520,5,7,4.7588,0.1854
4521,1,61,6.3387,0.195
4521,2,82,5.5953,0.1907
4521,3,51,3.1552,0.0971
4521,4,90,3.0825,0.0948
4521,5,81,3.0419,0.0936
4531,1,2,5.3056,0.3838
4531,2,5,4.2694,0.2226
4531,3,6,3.8572,0.2774
4531,4,41,3.5379,0.1845
4531,5,3,3.3079,0.1725
4533,1,5,18.8114,0.6997
4533,2,12,10.4815,0.4087
4533,3,9,10.3443,0.4014
4533,4,8,7.6041,0.3062
4533,5,13,6.0755,0.2124
4559,1,43,11.1646,0.3891
4559,2,97,5.9719,0.188
4559,3,61,5.5775,0.1943
4559,4,10,3.6135,0.2875
4559,5,85,3.1798,0.1001
4561,1,7,5.9142,0.1869
4561,2,33,3.4798,0.1869
4561,3,28,3.4016,0.1075
4561,4,46,3.4016,0.1075
4561,5,19,3.0488,0.0964
4572,1,68,5.1053,0.1958
4572,2,4,4.932,0.1892
4572,3,86,4.932,0.1892
4572,4,11,4.097,0.175
4572,5,27,3.1769,0.1746
4574,1,37,8.394,0.3021
4574,2,27,7.0748,0.2197
4574,3,74,5.8926,0.2019
4574,4,34,5.5093,0.1901
4574,5,31,5.479,0.189
4588,1,27,4.7205,0.1759
4588,2,89,3.1302,0.1054
4588,3,15,2.9576,0.0996
4588,4,31,2.9576,0.0996
4588,5,40,2.9576,0.0996
4589,1,8,8.5567,0.2979
4589,2,16,5.7202,0.1725
4589,3,13,5.6342,0.2124
4589,4,9,3.2906,0.0992
4589,5,21,3.1076,0.1172
4619,1,27,10.6203,0.3717
4619,2,57,7.6175,0.2831
4619,3,17,7.2918,0.2984
4619,4,11,4.6023,0.1808
4619,5,2,3.9601,0.3057
4622,1,19,6.4678,0.2829
4622,2,5,5.9363,0.32
4622,3,13,5.1644,0.1957
4622,4,14,5.045,0.1912
4622,5,41,4.9656,0.1882
4630,1,6,8.4857,0.2641
4630,2,12,5.6306,0.1825
4630,3,69,3.8227,0.1104
4630,4,77,3.8227,0.1104
4630,5,96,3.4362,0.0993
4675,1,10,7.1053,0.3888
4675,2,95,4.4077,0.2165
4675,3,43,4.1459,0.2037
4675,4,30,3.474,0.1909
4675,5,11,3.4602,0.19
4679,1,25,9.7392,0.2962
4679,2,9,9.4842,0.2885
4679,3,16,6.8812,0.2093
4679,4,39,6.3805,0.1941
4679,5,12,5.6906,0.1915
4698,1,2,19.0913,0.8454
4698,2,3,10.5471,0.4534
4698,3,7,5.8577,0.2678
4698,4,22,4.7026,0.1859
4698,5,24,4.3769,0.1951
4714,1,8,5.869,0.197
4714,2,62,5.8321,0.1957
4714,3,13,5.7597,0.1933
4714,4,25,5.5674,0.2074
4714,5,16,5.4574,0.202
4716,1,11,13.3131,0.5201
4716,2,17,11.466,0.4892
4716,3,34,8.1546,0.2913
4716,4,42,7.7727,0.2982
4716,5,27,7.7613,0.2772
4727,1,26,13.519,0.5041
4727,2,33,9.0161,0.361
4727,3,36,5.0348,0.1802
4727,4,79,4.5954,0.1846
4727,5,50,2.8412,0.1017
4730,1,11,13.1834,0.5862
4730,2,27,11.0706,0.4456
4730,3,84,5.6977,0.2867
4730,4,1,5.4702,0.2721
4730,5,31,4.9293,0.1984
4745,1,1,13.0072,0.4968
4745,2,23,10.5667,0.3619
4745,3,20,8.9242,0.2887
4745,4,59,8.4847,0.2745
4745,5,40,6.5432,0.2354
4754,1,35,12.454,0.3836
4754,2,43,11.5811,0.3708
4754,3,66,6.6233,0.1919
4754,4,99,6.547,0.1897
4754,5,36,6.1502,0.1973
4758,1,2,6.7874,0.3517
4758,2,14,4.0594,0.1968
4758,3,22,2.7092,0.1313
4758,4,10,2.5505,0.1804
4758,5,16,2.3415,0.1135
4763,1,1,7.2249,0.3099
4763,2,18,4.5551,0.1954
4763,3,85,4.0866,0.2191
4763,4,5,3.0193,0.1856
4763,5,26,2.5869,0.2829
4770,1,69,5.3882,0.2111
4770,2,13,3.1803,0.113
4770,3,25,2.7598,0.0981
4770,4,39,2.7598,0.0981
4770,5,4,2.6573,0.0944
4786,1,8,8.6036,0.3871
4786,2,9,6.2872,0.2961
4786,3,6,5.3816,0.2537
4786,4,16,4.216,0.172
4786,5,88,3.9581,0.1777
4789,1,95,5.9847,0.1946
4789,2,24,5.9458,0.1933
4789,3,41,5.7998,0.208
4789,4,7,5.7292,0.1863
4789,5,54,5.5758,0.2015
4809,1,40,9.4671,0.299
4809,2,85,8.5371,0.2916
4809,3,73,6.3602,0.1882
4809,4,23,6.3114,0.1868
4809,5,53,3.7303,0.1104
4825,1,78,10.3553,0.3064
4825,2,19,10.3012,0.2846
4825,3,47,6.6323,0.1896
4825,4,46,3.8379,0.0989
4825,5,55,3.6107,0.0931
4834,1,34,6.0107,0.2118
4834,2,17,5.0072,0.1977
4834,3,30,4.8398,0.1904
4834,4,74,2.5982,0.0916
4834,5,94,2.5982,0.0916
4855,1,43,9.232,0.3895
4855,2,35,8.2025,0.3109
4855,3,86,7.5458,0.3142
4855,4,36,7.1919,0.2761
4855,5,33,6.8401,0.3055
4872,1,26,11.7431,0.4953
4872,2,36,5.6603,0.2288
4872,3,10,5.0549,0.2043
4872,4,43,5.018,0.2028
4872,5,90,4.4782,0.181
4874,1,14,14.066,0.4973
4874,2,19,7.6397,0.2958
4874,3,24,7.3405,0.2845
4874,4,78,7.0648,0.2986
4874,5,4,5.5112,0.2065
4876,1,6,7.8156,0.4767
4876,2,5,6.2337,0.3884
4876,3,9,6.2324,0.3882
4876,4,88,4.1422,0.2676
4876,5,62,3.2963,0.2071
4892,1,13,9.5708,0.3096
4892,2,9,8.1731,0.287
4892,3,25,5.6464,0.1898
4892,4,72,3.4489,0.1047
4892,5,39,3.2256,0.0979
4893,1,75,6.0868,0.2087
4893,2,27,5.3305,0.2011
4893,3,34,5.0719,0.1941
4893,4,1,3.0783,0.2132
4893,5,57,2.8224,0.0968
4905,1,2,16.6481,0.9143
4905,2,7,11.4578,0.6773
4905,3,3,9.5494,0.5725
4905,4,22,4.774,0.2735
4905,5,78,4.7692,0.2973
4943,1,26,8.0491,0.2747
4943,2,86,6.918,0.2207
4943,3,66,5.867,0.1872
4943,4,67,4.8186,0.1922
4943,5,1,4.8047,0.1891
4976,1,11,15.2683,0.5824
4976,2,17,8.071,0.2846
4976,3,43,4.9294,0.181
4976,4,18,4.0439,0.1952
4976,5,42,3.2872,0.1358
4978,1,35,10.1888,0.4047
4978,2,31,4.6888,0.3032
4978,3,81,3.1105,0.1053
4978,4,50,3.0465,0.1031
4978,5,68,3.0208,0.1022
4981,1,29,8.8345,0.2831
4981,2,20,6.4967,0.23
4981,3,53,5.5985,0.1794
4981,4,2,5.5737,0.4183
4981,5,38,5.1177,0.1829
4986,1,6,6.2688,0.2783
4986,2,9,5.5769,0.2864
4986,3,25,3.8762,0.1913
4986,4,16,3.3609,0.1865
4986,5,10,2.2568,0.1002
5002,1,24,12.2415,0.3944
5002,2,41,6.7818,0.1858
5002,3,47,3.4376,0.0942
5002,4,46,3.1328,0.1073
5002,5,52,3.1328,0.1073
5042,1,3,7.4005,0.2949
5042,2,14,6.2857,0.2897
5042,3,100,4.8491,0.1932
5042,4,34,2.746,0.207
5042,5,28,2.4697,0.0984
5049,1,8,7.4149,0.2891
5049,2,25,7.2035,0.281
5049,3,21,5.86,0.2133
5049,4,44,5.3896,0.1962
5049,5,48,5.1732,0.1883
5089,1,7,20.4914,0.6929
5089,2,24,8.0711,0.2889
5089,3,78,5.4826,0.1888
5089,4,15,3.9226,0.2013
5089,5,89,3.5095,0.1087
5100,1,1,12.5095,0.6419
5100,2,5,6.4747,0.3803
5100,3,15,6.2861,0.3678
5100,4,18,4.7197,0.2708
5100,5,2,4.0072,0.2493
5119,1,5,18.3368,0.8741
5119,2,6,6.9027,0.2972
5119,3,8,5.8344,0.2933
5119,4,44,4.3556,0.1875
5119,5,2,4.0084,0.3936
5139,1,7,7.6787,0.2901
5139,2,3,5.3774,0.2032
5139,3,13,4.4981,0.1888
5139,4,95,2.9477,0.1114
5139,5,22,2.8891,0.1092
5140,1,1,16.6878,0.6044
5140,2,49,6.6465,0.2242
5140,3,10,6.4433,0.3048
5140,4,33,3.1961,0.2068
5140,5,23,2.7524,0.0928
5144,1,18,15.6663,0.6152
5144,2,80,7.796,0.3038
5144,3,32,7.4544,0.2936
5144,4,20,5.3992,0.1972
5144,5,64,5.346,0.2171
5154,1,22,8.3905,0.2965
5154,2,20,7.0007,0.3249
5154,3,29,6.1771,0.2044
5154,4,7,5.7067,0.1888
5154,5,14,5.6756,0.1878
5158,1,31,7.5641,0.2939
5158,2,34,5.0866,0.1849
5158,3,7,2.8621,0.1041
5158,4,78,2.7138,0.0987
5158,5,19,2.6872,0.1221
5160,1,15,16.6367,0.6765
5160,2,29,10.2346,0.3835
5160,3,32,8.9721,0.3538
5160,4,53,6.9174,0.2989
5160,5,73,5.0054,0.2124
5173,1,16,5.425,0.1957
5173,2,8,5.3325,0.175
5173,3,10,3.9054,0.2136
5173,4,7,3.8347,0.1997
5173,5,18,3.3349,0.1801
5174,1,11,14.6318,0.6076
5174,2,4,8.1948,0.4056
5174,3,30,5.7927,0.218
5174,4,27,5.0961,0.1918
5174,5,42,4.1959,0.1974
5187,1,24,10.5492,0.3108
5187,2,78,10.1417,0.2969
5187,3,19,7.9617,0.2026
5187,4,5,6.7474,0.2922
5187,5,47,4.1496,0.1056
5189,1,3,20.509,0.7304
5189,2,14,13.0594,0.4657
5189,3,78,4.8196,0.1974
5189,4,24,4.4864,0.1838
5189,5,5,3.2654,0.2792
5211,1,26,10.3767,0.4074
5211,2,43,9.4237,0.3735
5211,3,76,6.9908,0.2883
5211,4,5,5.8315,0.314
5211,5,67,4.558,0.203
5222,1,67,7.5473,0.302
5222,2,33,6.9272,0.2791
5222,3,66,5.1045,0.1997
5222,4,50,5.0845,0.1988
5222,5,36,2.8705,0.1001
5239,1,18,8.2084,0.4108
5239,2,15,7.7785,0.3592
5239,3,20,6.7631,0.291
5239,4,23,5.219,0.2603
5239,5,29,4.8709,0.2096
5259,1,43,9.1277,0.3106
5259,2,1,6.5364,0.281
5259,3,50,6.0741,0.2067
5259,4,86,5.6074,0.1908
5259,5,27,4.6189,0.1963
5282,1,27,11.9427,0.4117
5282,2,56,7.4256,0.2749
5282,3,2,6.1579,0.3914
5282,4,74,5.3569,0.1847
5282,5,37,4.1969,0.1809
5322,1,33,16.3567,0.5814
5322,2,82,11.796,0.4211
5322,3,35,8.8528,0.3043
5322,4,66,5.9165,0.1897
5322,5,76,3.7102,0.119
5333,1,10,8.2902,0.5334
5333,2,11,7.9085,0.526
5333,3,57,4.4382,0.231
5333,4,58,3.9802,0.2072
5333,5,17,3.7187,0.2132
5334,1,5,11.9751,0.4587
5334,2,86,6.7839,0.2284
5334,3,69,6.2723,0.284
5334,4,87,3.5857,0.1207
5334,5,31,3.4051,0.1971
5344,1,5,17.1186,0.8122
5344,2,6,14.4479,0.6908
5344,3,25,4.8711,0.2079
5344,4,13,4.6022,0.2154
5344,5,10,3.9302,0.3174
5350,1,8,7.7265,0.2919
5350,2,9,5.3551,0.1952
5350,3,25,5.0956,0.1842
5350,4,7,2.9693,0.0967
5350,5,48,2.7816,0.0906
5363,1,10,9.8981,0.4671
5363,2,2,8.263,0.381
5363,3,11,6.075,0.2717
5363,4,12,5.164,0.2912
5363,5,31,4.7117,0.1966
5375,1,4,19.5802,1.0
5375,2,82,6.5246,0.3196
5375,3,50,6.2082,0.307
5375,4,33,6.0572,0.2964
5375,5,87,4.1511,0.1901
5392,1,35,9.4078,0.3051
5392,2,33,8.7846,0.2887
5392,3,36,6.2499,0.1903
5392,4,67,5.8259,0.1969
5392,5,90,5.7005,0.1921
5393,1,50,7.6709,0.4147
5393,2,33,6.7229,0.3812
5393,3,26,5.3772,0.292
5393,4,10,4.3937,0.4143
5393,5,97,3.9009,0.1982
5398,1,50,8.6156,0.309
5398,2,33,7.8156,0.3
5398,3,82,6.4478,0.2144
5398,4,90,6.2522,0.2079
5398,5,10,4.2158,0.2079
5404,1,16,8.1686,0.2987
5404,2,44,6.3312,0.2003
5404,3,13,5.5766,0.2205
5404,4,88,4.9042,0.1939
5404,5,3,4.878,0.1939
5410,1,5,16.9991,0.5995
5410,2,69,7.8155,0.2639
5410,3,10,6.5728,0.3813
5410,4,4,6.313,0.1995
5410,5,72,5.2103,0.1834
5415,1,26,9.544,0.3071
5415,2,82,9.542,0.3071
5415,3,36,9.1599,0.3182
5415,4,51,6.3801,0.1901
5415,5,81,6.2383,0.1858
5417,1,2,16.1936,0.6647
5417,2,7,7.2686,0.2841
5417,3,19,5.5639,0.2023
5417,4,22,5.4067,0.1966
5417,5,28,5.1436,0.2032
5418,1,7,5.1891,0.2944
5418,2,54,2.7919,0.1051
5418,3,3,2.7114,0.102
5418,4,22,2.7114,0.102
5418,5,18,2.6131,0.0983
5428,1,6,11.3949,0.3925
5428,2,13,9.1481,0.3037
5428,3,39,4.9176,0.189
5428,4,30,3.8772,0.1987
5428,5,44,3.6891,0.1134
5441,1,11,8.1571,0.4141
5441,2,2,7.4606,0.3303
5441,3,22,5.9179,0.2766
5441,4,14,5.3654,0.2911
5441,5,17,4.5829,0.1861
5450,1,14,16.975,0.5988
5450,2,24,9.8387,0.3952
5450,3,41,5.8441,0.1993
5450,4,78,5.3098,0.2018
5450,5,19,5.1752,0.1967
5464,1,5,17.6993,0.706
5464,2,12,12.8521,0.4834
5464,3,8,7.2026,0.288
5464,4,39,6.9465,0.2397
5464,5,16,5.7479,0.1983
5467,1,10,21.1057,0.8992
5467,2,34,6.9286,0.2768
5467,3,57,5.5191,0.2205
5467,4,56,5.281,0.2109
5467,5,17,5.2032,0.2323
5469,1,7,7.7925,0.2948
5469,2,22,5.3568,0.2098
5469,3,46,5.2807,0.2065
5469,4,3,5.0087,0.1945
5469,5,54,4.5204,0.1987
5488,1,3,13.1079,0.585
5488,2,14,6.8911,0.2883
5488,3,41,6.1113,0.2733
5488,4,4,6.0589,0.3474
5488,5,1,3.9201,0.3117
5503,1,15,14.3196,0.4911
5503,2,38,11.6612,0.4113
5503,3,2,6.3129,0.2981
5503,4,40,5.4519,0.173
5503,5,32,5.4135,0.193
5508,1,17,6.7197,0.292
5508,2,34,4.8476,0.1954
5508,3,27,4.8364,0.195
5508,4,56,4.5568,0.1837
5508,5,68,4.5568,0.1837
5519,1,6,14.8267,0.5152
5519,2,12,8.5929,0.3027
5519,3,9,8.0354,0.2673
5519,4,48,6.2236,0.207
5519,5,69,5.5864,0.1858
5522,1,5,8.7081,0.49
5522,2,7,5.2863,0.2997
5522,3,13,4.8883,0.2968
5522,4,8,4.0409,0.2001
5522,5,14,3.9441,0.1953
5526,1,13,6.0469,0.2259
5526,2,8,4.9302,0.2072
5526,3,12,4.8731,0.182
5526,4,25,4.6979,0.1964
5526,5,26,2.9851,0.1878
5532,1,18,9.4311,0.3961
5532,2,1,9.0566,0.4002
5532,3,3,6.9158,0.2904
5532,4,29,4.8431,0.2034
5532,5,23,4.4917,0.1886
5537,1,56,9.0306,0.2932
5537,2,34,7.4137,0.222
5537,3,74,6.8937,0.2065
5537,4,68,6.5775,0.222
5537,5,45,6.5656,0.1966
5541,1,92,5.9422,0.196
5541,2,27,5.4376,0.1984
5541,3,94,5.3715,0.1956
5541,4,37,3.243,0.107
5541,5,34,3.12,0.1029
5543,1,12,5.5496,0.2994
5543,2,10,5.4454,0.2991
5543,3,17,5.2735,0.3131
5543,4,31,3.8104,0.2103
5543,5,11,3.7197,0.2146
5552,1,7,16.8894,0.6152
5552,2,14,7.7433,0.2685
5552,3,22,6.1325,0.1988
5552,4,78,4.5951,0.1862
5552,5,34,3.0275,0.2239
5562,1,32,13.2513,0.5239
5562,2,15,9.2371,0.3987
5562,3,60,5.1095,0.1874
5562,4,18,4.9737,0.2
5562,5,29,4.819,0.1962
5586,1,13,9.5205,0.2929
5586,2,12,6.5641,0.202
5586,3,72,5.8158,0.1991
5586,4,9,3.2265,0.0993
5586,5,16,3.2256,0.0993
5594,1,2,17.3294,0.718
5594,2,14,9.4678,0.382
5594,3,7,8.8622,0.3985
5594,4,19,6.65,0.2892
5594,5,78,4.3143,0.1941
5597,1,43,4.7818,0.1758
5597,2,10,4.4455,0.2905
5597,3,50,3.4469,0.1139
5597,4,51,3.163,0.1046
5597,5,35,3.0366,0.1255
5598,1,12,9.0817,0.2931
5598,2,69,8.3485,0.2904
5598,3,21,6.5716,0.2236
5598,4,25,6.5703,0.198
5598,5,72,5.8632,0.1968
5612,1,5,10.6117,0.503
5612,2,9,5.8822,0.307
5612,3,69,4.1991,0.1913
5612,4,13,4.1905,0.1909
5612,5,12,3.7761,0.192
5630,1,25,9.1411,0.3179
5630,2,9,7.8684,0.293
5630,3,13,7.6178,0.2843
5630,4,48,3.0317,0.1054
5630,5,16,2.609,0.0907
5646,1,32,10.5491,0.3736
5646,2,18,7.9983,0.2878
5646,3,38,5.2124,0.1955
5646,4,64,4.9987,0.187
5646,5,5,4.7004,0.3951
5647,1,60,3.6882,0.1129
5647,2,53,3.4571,0.1058
5647,3,66,3.2444,0.1965
5647,4,17,3.1127,0.0953
5647,5,73,3.0958,0.0947
5662,1,6,15.5646,0.5812
5662,2,9,8.2173,0.3039
5662,3,13,5.7627,0.2002
5662,4,25,5.563,0.1933
5662,5,16,2.8365,0.0985
5666,1,35,16.3625,0.6038
5666,2,36,10.6692,0.3867
5666,3,51,5.5983,0.1931
5666,4,82,4.95,0.1894
5666,5,5,4.1205,0.313
5677,1,4,19.7541,0.9151
5677,2,50,13.948,0.6419
5677,3,36,8.7676,0.4056
5677,4,33,8.3666,0.3726
5677,5,35,6.9532,0.3114
5715,1,34,5.2304,0.1944
5715,2,17,4.758,0.1956
5715,3,5,4.6875,0.2916
5715,4,27,4.5623,0.1888
5715,5,85,3.8074,0.1976
5720,1,11,7.2512,0.3161
5720,2,17,4.2252,0.1893
5720,3,68,4.1496,0.1862
5720,4,15,3.3262,0.1914
5720,5,30,2.655,0.1072
5723,1,1,15.5884,0.5946
5723,2,60,5.2862,0.1888
5723,3,20,4.5547,0.1801
5723,4,80,2.8539,0.1019
5723,5,3,2.6088,0.0932
5729,1,20,10.0711,0.3149
5729,2,29,6.7615,0.2114
5729,3,64,5.1191,0.1772
5729,4,85,2.8105,0.0879
5729,5,23,2.7478,0.0859
5742,1,43,5.5988,0.204
5742,2,67,4.5547,0.1838
5742,3,33,3.5623,0.115
5742,4,82,3.5623,0.115
5742,5,10,3.4502,0.2785
5744,1,2,11.3751,0.5998
5744,2,7,4.1587,0.1834
5744,3,22,3.9825,0.1931
5744,4,18,2.5037,0.1104
5744,5,38,2.5037,0.1104
5751,1,11,9.02,0.3903
5751,2,30,7.2588,0.2861
5751,3,17,5.5274,0.2025
5751,4,31,5.5135,0.2243
5751,5,84,4.5769,0.2096
5756,1,5,8.6684,0.595
5756,2,12,8.121,0.3887
5756,3,2,5.7026,0.279
5756,4,6,3.643,0.1852
5756,5,39,2.4281,0.1103
5771,1,5,17.8692,0.7777
5771,2,6,11.2867,0.4952
5771,3,12,6.719,0.2874
5771,4,39,4.2099,0.1864
5771,5,70,2.4862,0.1248
5780,1,11,9.3809,0.3674
5780,2,27,8.2824,0.2925
5780,3,1,6.3725,0.401
5780,4,17,4.7094,0.2079
5780,5,4,4.3092,0.2971
5781,1,7,9.8795,0.3942
5781,2,3,8.6381,0.3819
5781,3,19,5.2071,0.1956
5781,4,5,3.0579,0.1924
5781,5,28,2.5795,0.0969
5785,1,18,7.8593,0.3162
5785,2,2,6.6406,0.2926
5785,3,38,6.5726,0.2115
5785,4,40,6.0117,0.1935
5785,5,32,5.6717,0.2033
5788,1,11,6.3817,0.3106
5788,2,10,5.9622,0.382
5788,3,15,4.4872,0.2928
5788,4,80,4.0153,0.1954
5788,5,4,4.0124,0.3
5819,1,1,13.8401,0.6156
5819,2,18,8.9482,0.3998
5819,3,73,7.4516,0.2977
5819,4,20,5.0426,0.2015
5819,5,38,4.4334,0.1986
5820,1,6,8.8112,0.2967
5820,2,13,8.5571,0.3074
5820,3,62,3.47,0.1085
5820,4,96,3.2021,0.1002
5820,5,21,3.1254,0.0978
5827,1,3,6.7526,0.3266
5827,2,22,5.3147,0.2755
5827,3,14,5.0655,0.2311
5827,4,2,4.5977,0.2098
5827,5,5,4.3317,0.4847
5837,1,79,6.0649,0.2007
5837,2,67,5.7802,0.2102
5837,3,97,5.4705,0.2007
5837,4,35,5.4462,0.2007
5837,5,76,5.2517,0.1928
5870,1,10,15.551,0.6339
5870,2,68,7.8839,0.2965
5870,3,17,7.6414,0.3038
5870,4,27,6.4886,0.2614
5870,5,37,5.7813,0.2174
5874,1,3,15.6631,0.5724
5874,2,24,6.9298,0.2736
5874,3,78,4.7041,0.1785
5874,4,5,4.2164,0.2012
5874,5,1,3.7061,0.2051
5881,1,14,8.3596,0.4107
5881,2,13,4.1362,0.1933
5881,3,7,3.814,0.1782
5881,4,12,3.7836,0.1768
5881,5,28,3.666,0.1888
5885,1,17,12.0273,0.3916
5885,2,31,7.2683,0.2119
5885,3,68,6.3564,0.2047
5885,4,74,3.6504,0.1064
5885,5,57,3.3217,0.0968
5887,1,5,7.4337,0.2979
5887,2,68,6.8488,0.295
5887,3,27,5.5251,0.2214
5887,4,11,5.0114,0.2214
5887,5,34,2.5686,0.1029
5906,1,43,7.9855,0.2918
5906,2,66,5.9934,0.1903
5906,3,99,5.9934,0.1903
5906,4,79,5.8371,0.2072
5906,5,82,5.5521,0.1953
5931,1,37,5.0885,0.2088
5931,2,84,4.5062,0.1878
5931,3,2,3.6901,0.1933
5931,4,7,3.2585,0.306
5931,5,49,2.9039,0.1086
5945,1,3,9.1679,0.3948
5945,2,7,9.0105,0.3853
5945,3,41,4.8648,0.1772
5945,4,24,4.483,0.1807
5945,5,1,4.0269,0.2861
5954,1,17,14.5955,0.5593
5954,2,27,8.4319,0.28
5954,3,34,6.8363,0.227
5954,4,75,5.2816,0.1944
5954,5,45,2.8619,0.095
5966,1,33,7.7057,0.2815
5966,2,81,5.7811,0.1831
5966,3,99,5.3106,0.1878
5966,4,79,5.0984,0.2019
5966,5,61,3.6887,0.1168
5969,1,4,16.5367,0.8137
5969,2,36,10.3482,0.4899
5969,3,26,6.2324,0.3012
5969,4,35,4.328,0.2169
5969,5,10,3.2841,0.1663
5988,1,15,11.9989,0.4842
5988,2,40,5.4685,0.2032
5988,3,23,5.1676,0.2108
5988,4,32,5.1504,0.1914
5988,5,59,5.0691,0.1884
5990,1,19,5.3828,0.1864
5990,2,66,3.0299,0.1049
5990,3,76,2.907,0.1007
5990,4,14,2.8713,0.0994
5990,5,5,2.8293,0.2988
